-- phpMyAdmin SQL Dump
-- version 5.0.3
-- https://www.phpmyadmin.net/
--
-- Máy chủ: 127.0.0.1
-- Thời gian đã tạo: Th12 11, 2020 lúc 06:13 PM
-- Phiên bản máy phục vụ: 10.4.14-MariaDB
-- Phiên bản PHP: 7.2.34

SET SQL_MODE = "NO_AUTO_VALUE_ON_ZERO";
START TRANSACTION;
SET time_zone = "+00:00";


/*!40101 SET @OLD_CHARACTER_SET_CLIENT=@@CHARACTER_SET_CLIENT */;
/*!40101 SET @OLD_CHARACTER_SET_RESULTS=@@CHARACTER_SET_RESULTS */;
/*!40101 SET @OLD_COLLATION_CONNECTION=@@COLLATION_CONNECTION */;
/*!40101 SET NAMES utf8mb4 */;

--
-- Cơ sở dữ liệu: `population`
--

-- --------------------------------------------------------

--
-- Cấu trúc bảng cho bảng `commune`
--

CREATE TABLE `commune` (
  `id` int(11) NOT NULL,
  `district_id` int(11) NOT NULL,
  `name` varchar(30) COLLATE utf8_unicode_ci NOT NULL,
  `acreage` double NOT NULL
) ENGINE=InnoDB DEFAULT CHARSET=utf8 COLLATE=utf8_unicode_ci;

--
-- Đang đổ dữ liệu cho bảng `commune`
--

INSERT INTO `commune` (`id`, `district_id`, `name`, `acreage`) VALUES
(1, 1, 'Quang Trung', 3.58),
(2, 1, 'Duy Tân', 5.5),
(3, 1, 'Quyết Thắng', 1.21),
(4, 1, 'Trường Chinh', 5.19),
(5, 1, 'Thắng Lợi', 4.63),
(6, 1, 'Ngô Mây', 17.22),
(7, 1, 'Thống Nhất', 4.53),
(8, 1, 'Lê Lợi', 3.82),
(9, 1, 'Nguyễn Trãi', 4.79),
(10, 1, 'Trần Hưng Đạo', 6.38),
(11, 1, 'Đắk Cấm', 43.52),
(12, 1, 'Kroong', 32.78),
(13, 1, 'Ngọk Bay', 18.81),
(14, 1, 'Vinh Quang', 10.42),
(15, 1, 'Đắk Blà', 41.16),
(16, 1, 'Ia Chim', 66.87),
(17, 1, 'Đăk Năng', 22.91),
(18, 1, 'Đoàn Kết', 21.15),
(19, 1, 'Chư Hreng', 27.58),
(20, 1, 'Đắk Rơ Wa', 28.4),
(21, 1, 'Hòa Bình', 60.75),
(22, 2, 'Đắk Glei', 30.06),
(23, 2, 'Đắk Plô', 23.17),
(24, 2, 'Đắk Man', 38.56),
(25, 2, 'Đắk Nhoong', 19.34),
(26, 2, 'Đắk Pék', 2.28),
(27, 2, 'Đắk Choong', 31.72),
(28, 2, 'Xốp', 25.21),
(29, 2, 'Mường Hoong', 19.4),
(30, 2, 'Ngọc Linh', 29.75),
(31, 2, 'Đắk Long', 31.89),
(32, 2, 'Đắk Kroong', 8.58),
(33, 2, 'Đắk Môn', 16.82),
(34, 3, 'Plei Cần', 20.92),
(35, 3, 'Đắk Ang', 19.97),
(36, 3, 'Đắk Dục', 21.84),
(37, 3, 'Đắk Nông', 27.46),
(38, 3, 'Đắk Xú', 30.19),
(39, 3, 'Đắk Kan', 3.96),
(40, 3, 'Pờ Y', 30.51),
(41, 3, 'Sa Loong', 4.45),
(42, 4, 'Đắk Tô', 34.68),
(43, 4, 'Đăk Rơ Nga', 22.01),
(44, 4, 'Ngọk Tụ', 24.01),
(45, 4, 'Đăk Trăm', 15.88),
(46, 4, 'Văn Lem', 29.53),
(47, 4, 'Kon Đào', 33.6),
(48, 4, 'Tân Cảnh', 6.2),
(49, 4, 'Diên Bình', 36.61),
(50, 4, 'Pô Kô', 34.62),
(51, 5, 'Đắk Nên', 36.89),
(52, 5, 'Đắk Ring', 17.28),
(53, 5, 'Măng Buk', 15.53),
(54, 5, 'Đắk Tăng', 27.72),
(55, 5, 'Ngok Tem', 8.4),
(56, 5, 'Pờ Ê', 4.12),
(57, 5, 'Măng Cành', 13.09),
(58, 5, 'Đắk Long', 19.71),
(59, 5, 'Hiếu', 26.15),
(60, 6, 'Đắk Rve', 25.29),
(61, 6, 'Đắk Kôi', 32.81),
(62, 6, 'Đắk Tơ Lung', 8.49),
(63, 6, 'Đắk Ruồng', 37.2),
(64, 6, 'Đắk Pne', 32.39),
(65, 6, 'Đắk Tờ Re', 29.43),
(66, 6, 'Tân Lập', 36.89),
(67, 7, 'Đắk Hà', 4.01),
(68, 7, 'Đắk Pxi', 35.7),
(69, 7, 'Đắk Hring', 33.63),
(70, 7, 'Đắk Ui', 39.73),
(71, 7, 'Đắk Mar', 10.16),
(72, 7, 'Ngok Wang', 11.61),
(73, 7, 'Ngok Réo', 9.88),
(74, 7, 'Hà Mòn', 16.05),
(75, 7, 'Đắk La', 14.82),
(76, 8, 'Sa Thầy', 3.32),
(77, 8, 'Rơ Kơi', 5.15),
(78, 8, 'Sa Nhơn', 37.02),
(79, 8, 'Hơ Moong', 10.81),
(80, 8, 'Mô Rai', 31.85),
(81, 8, 'Sa Sơn', 30.34),
(82, 8, 'Sa Nghĩa', 8.71),
(83, 8, 'Sa Bình', 35.83),
(84, 8, 'Ya Xiêr', 17.25),
(85, 8, 'Ya Tăng', 22.23),
(86, 8, 'Ya Ly', 10.13),
(87, 9, 'Ngọk Lây', 37.11),
(88, 9, 'Đắk Na', 23.28),
(89, 9, 'Măng Ri', 18.88),
(90, 9, 'Ngok Yêu', 35.48),
(91, 9, 'Đắk Sao', 4.2),
(92, 9, 'Đăk Rơ Ông', 18.07),
(93, 9, 'Đắk Tơ Kan', 13.46),
(94, 9, 'Tu Mơ Rông', 16.13),
(95, 9, 'Đắk Hà', 28.23),
(96, 9, 'Tê Xăng', 5.27),
(97, 9, 'Văn Xuôi', 28.26),
(98, 10, 'Yên Đỗ', 10.74),
(99, 10, 'Diên Hồng', 30.41),
(100, 10, 'Ia Kring', 20.67),
(101, 10, 'Hội Thương', 21.59),
(102, 10, 'Hội Phú', 6.84),
(103, 10, 'Phù Đổng', 32.17),
(104, 10, 'Hoa Lư', 37.42),
(105, 10, 'Tây Sơn', 15.51),
(106, 10, 'Thống Nhất', 17.01),
(107, 10, 'Đống Đa', 10.84),
(108, 10, 'Trà Bá', 26),
(109, 10, 'Thắng Lợi', 6.25),
(110, 10, 'Yên Thế', 26.24),
(111, 10, 'Chi Lăng', 20.53),
(112, 10, 'Chư Hdrông', 34.14),
(113, 10, 'Biển Hồ', 3.38),
(114, 10, 'Tân Sơn', 26.29),
(115, 10, 'Trà Đa', 38.35),
(116, 10, 'Chư Á', 29.39),
(117, 10, 'An Phú', 28.18),
(118, 10, 'Diên Phú', 30),
(119, 10, 'Ia Kênh', 33.8),
(120, 10, 'Gào', 35.39),
(121, 11, 'An Bình', 20.56),
(122, 11, 'Tây Sơn', 11.24),
(123, 11, 'An Phú', 36.39),
(124, 11, 'An Tân', 11.87),
(125, 11, 'An Phước', 23.13),
(126, 11, 'Ngô Mây', 3.23),
(127, 11, 'Tú An', 13.02),
(128, 11, 'Xuân An', 39.9),
(129, 11, 'Cửu An', 23.59),
(130, 11, 'Song An', 32),
(131, 11, 'Thành An', 35.64),
(132, 12, 'Cheo Reo', 26.74),
(133, 12, 'Hoà Bình', 32.23),
(134, 12, 'Đoàn Kết', 30.33),
(135, 12, 'Sông Bờ', 8.19),
(136, 12, 'Ia Rbol', 16.72),
(137, 12, 'Chư Băh', 36.61),
(138, 12, 'Ia Rtô', 32.62),
(139, 12, 'Ia Sao', 16.54),
(140, 13, 'Kbang', 25.2),
(141, 13, 'Kon Pne', 30.58),
(142, 13, 'Đăk Roong', 3.39),
(143, 13, 'Sơn Lang', 26.09),
(144, 13, 'Krong', 15.13),
(145, 13, 'Sơ Pai', 6.73),
(146, 13, 'Lơ Ku', 3.58),
(147, 13, 'Đông', 12.33),
(148, 13, 'Đak Smar', 24.15),
(149, 13, 'Nghĩa An', 22.73),
(150, 13, 'Tơ Tung', 28.01),
(151, 13, 'Kông Lơng Khơng', 3.11),
(152, 13, 'Kông Pla', 11.31),
(153, 13, 'Đăk Hlơ', 2.49),
(154, 14, 'Đăk Đoa', 3.56),
(155, 14, 'Hà Đông', 34.2),
(156, 14, 'Đăk Sơmei', 31.83),
(157, 14, 'Đak Krong', 11.6),
(158, 14, 'Hải Yang', 7.37),
(159, 14, 'Kon Gang', 18.52),
(160, 14, 'Hà Bầu', 17.39),
(161, 14, 'Nam Yang', 26.63),
(162, 14, 'K\' Dang', 13.08),
(163, 14, 'H\' Neng', 2.79),
(164, 14, 'Tân Bình', 16.09),
(165, 14, 'Glar', 13.1),
(166, 14, 'A Dơk', 9.45),
(167, 14, 'Trang', 21.74),
(168, 14, 'Hnol', 40),
(169, 14, 'Ia Pết', 2.57),
(170, 14, 'Ia Băng', 31.91),
(171, 15, 'Phú Hòa', 12.92),
(172, 15, 'Hà Tây', 26.95),
(173, 15, 'Ia Khươl', 5.08),
(174, 15, 'Ia Phí', 10.97),
(175, 15, 'Ia Ly', 18.58),
(176, 15, 'Ia Mơ Nông', 8.84),
(177, 15, 'Ia Kreng', 25.03),
(178, 15, 'Đăk Tơ Ver', 21.21),
(179, 15, 'Hòa Phú', 34.23),
(180, 15, 'Chư Đăng Ya', 27.2),
(181, 15, 'Ia Ka', 6.16),
(182, 15, 'Ia Nhin', 20.85),
(183, 15, 'Nghĩa Hòa', 2.36),
(184, 15, 'Chư Jôr', 22.1),
(185, 15, 'Nghĩa Hưng', 27.74),
(186, 16, 'Ia Kha', 31.05),
(187, 16, 'Ia Sao', 34.49),
(188, 16, 'Ia Yok', 25.8),
(189, 16, 'Ia Hrung', 24.5),
(190, 16, 'Ia Bă', 15.7),
(191, 16, 'Ia Khai', 24.66),
(192, 16, 'Ia Krai', 4.41),
(193, 16, 'Ia Grăng', 9.77),
(194, 16, 'Ia Tô', 34.01),
(195, 16, 'Ia O', 2.58),
(196, 16, 'Ia Dêr', 4.93),
(197, 16, 'Ia Chia', 35.81),
(198, 16, 'Ia Pếch', 26.66),
(199, 17, 'Kon Dơng', 7.29),
(200, 17, 'Ayun', 19.14),
(201, 17, 'Đak Jơ Ta', 35.64),
(202, 17, 'Đak Ta Ley', 23.14),
(203, 17, 'Hà Ra', 33.4),
(204, 17, 'Đăk Yă', 38.89),
(205, 17, 'Đăk Djrăng', 5.74),
(206, 17, 'Lơ Pang', 7.36),
(207, 17, 'Kon Thụp', 13.62),
(208, 17, 'Đê Ar', 5.53),
(209, 17, 'Kon Chiêng', 16.33),
(210, 17, 'Đăk Trôi', 3.16),
(211, 18, 'Kông Chro', 19),
(212, 18, 'Chư Krêy', 32.82),
(213, 18, 'An Trung', 3.48),
(214, 18, 'Kông Yang', 19.68),
(215, 18, 'Đăk Tơ Pang', 12.37),
(216, 18, 'Sró', 13.4),
(217, 18, 'Đắk Cơ Ning', 16.93),
(218, 18, 'Đăk Song', 33.64),
(219, 18, 'Đăk Pling', 11.11),
(220, 18, 'Yang Trung', 7.41),
(221, 18, 'Đăk Pơ Pho', 27.66),
(222, 18, 'Ya Ma', 38.04),
(223, 18, 'Chơ Long', 2.74),
(224, 18, 'Yang Nam', 34.02),
(225, 19, 'Chư Ty', 17.81),
(226, 19, 'Ia Dơk', 26.92),
(227, 19, 'Ia Krêl', 7.01),
(228, 19, 'Ia Din', 24),
(229, 19, 'Ia Kla', 4.63),
(230, 19, 'Ia Dom', 10.37),
(231, 19, 'Ia Lang', 26.05),
(232, 19, 'Ia Kriêng', 33.14),
(233, 19, 'Ia Pnôn', 21.21),
(234, 19, 'Ia Nan', 24.18),
(235, 20, 'Chư Prông', 11.34),
(236, 20, 'Ia Kly', 9.76),
(237, 20, 'Bình Giáo', 11.68),
(238, 20, 'Ia Drăng', 6.57),
(239, 20, 'Thăng Hưng', 39.46),
(240, 20, 'Bàu Cạn', 26.52),
(241, 20, 'Ia Phìn', 26.78),
(242, 20, 'Ia Băng', 18.98),
(243, 20, 'Ia Tôr', 33.27),
(244, 20, 'Ia Boòng', 25.83),
(245, 20, 'Ia O', 4.96),
(246, 20, 'Ia Púch', 27.94),
(247, 20, 'Ia Me', 36.44),
(248, 20, 'Ia Vê', 26.93),
(249, 20, 'Ia Bang', 33.7),
(250, 20, 'Ia Pia', 7.79),
(251, 20, 'Ia Ga', 12.9),
(252, 20, 'Ia Lâu', 8.96),
(253, 20, 'Ia Piơr', 13.67),
(254, 20, 'Ia Mơ', 4.94),
(255, 21, 'Chư Sê', 39.57),
(256, 21, 'Ia Tiêm', 17.59),
(257, 21, 'Chư Pơng', 18.42),
(258, 21, 'Bar Măih', 6.27),
(259, 21, 'Bờ Ngoong', 9.55),
(260, 21, 'Ia Glai', 39.32),
(261, 21, 'Al Bá', 5.52),
(262, 21, 'Kông Htok', 31.62),
(263, 21, 'Ayun', 28.5),
(264, 21, 'Ia Hlốp', 27.15),
(265, 21, 'Ia Blang', 23.97),
(266, 21, 'Dun', 35.71),
(267, 21, 'Ia Pal', 2.17),
(268, 21, 'H Bông', 3.18),
(269, 21, 'Ia Ko', 2.91),
(270, 22, 'Hà Tam', 29.13),
(271, 22, 'An Thành', 21.33),
(272, 22, 'Đak Pơ', 3.94),
(273, 22, 'Yang Bắc', 22.66),
(274, 22, 'Cư An', 34.97),
(275, 22, 'Tân An', 17.46),
(276, 22, 'Phú An', 17.25),
(277, 22, 'Ya Hội', 6.23),
(278, 23, 'Pờ Tó', 37.84),
(279, 23, 'Chư Răng', 39.68),
(280, 23, 'Ia Kdăm', 3.26),
(281, 23, 'Kim Tân', 30.14),
(282, 23, 'Chư Mố', 29.92),
(283, 23, 'Ia Tul', 16.14),
(284, 23, 'Ia Ma Rơn', 34.94),
(285, 23, 'Ia Broăi', 29.22),
(286, 23, 'Ia Trok', 9.4),
(287, 24, 'Phú Túc', 25.89),
(288, 24, 'Ia Rsai', 14.62),
(289, 24, 'Ia Rsươm', 23.06),
(290, 24, 'Chư Gu', 20.04),
(291, 24, 'Đất Bằng', 5.48),
(292, 24, 'Ia Mláh', 3.89),
(293, 24, 'Chư Drăng', 9.15),
(294, 24, 'Phú Cần', 28.02),
(295, 24, 'Ia Hdreh', 39.05),
(296, 24, 'Ia Rmok', 12.92),
(297, 24, 'Chư Ngọc', 20.66),
(298, 24, 'Uar', 10.91),
(299, 24, 'Chư Rcăm', 21.64),
(300, 24, 'Krông Năng', 34.05),
(301, 25, 'Phú Thiện', 20.67),
(302, 25, 'Chư A Thai', 30.28),
(303, 25, 'Ayun Hạ', 24.22),
(304, 25, 'Ia Ake', 4.02),
(305, 25, 'Ia Sol', 6.38),
(306, 25, 'Ia Piar', 11.69),
(307, 25, 'Ia Peng', 22.92),
(308, 25, 'Chrôh Pơnan', 36.24),
(309, 25, 'Ia Hiao', 11.66),
(310, 25, 'Ia Yeng', 4.2),
(311, 26, 'Nhơn Hoà', 24.9),
(312, 26, 'Ia Hrú', 30.95),
(313, 26, 'Ia Rong', 18.87),
(314, 26, 'Ia Dreng', 38.37),
(315, 26, 'Ia Hla', 4),
(316, 26, 'Chư Don', 34.44),
(317, 26, 'Ia Phang', 6.17),
(318, 26, 'Ia Le', 10.85),
(319, 26, 'Ia Blứ', 10.85),
(320, 27, 'Tân Lập', 38.26),
(321, 27, 'Tân Hoà', 22.6),
(322, 27, 'Tân An', 4.6),
(323, 27, 'Thống Nhất', 21.47),
(324, 27, 'Thành Nhất', 2.98),
(325, 27, 'Thắng Lợi', 13.01),
(326, 27, 'Tân Lợi', 22.04),
(327, 27, 'Thành Công', 39.61),
(328, 27, 'Tân Thành', 12.95),
(329, 27, 'Tân Tiến', 4.17),
(330, 27, 'Tự An', 37.79),
(331, 27, 'Ea Tam', 20.56),
(332, 27, 'Khánh Xuân', 33.81),
(333, 27, 'Hòa Thuận', 13.43),
(334, 27, 'Cư Êbur', 22.83),
(335, 27, 'Ea Tu', 9.96),
(336, 27, 'Hòa Thắng', 32.82),
(337, 27, 'Ea Kao', 18.88),
(338, 27, 'Hòa Phú', 25.46),
(339, 27, 'Hòa Khánh', 5.75),
(340, 27, 'Hòa Xuân', 21.45),
(341, 28, 'An Lạc', 30.77),
(342, 28, 'An Bình', 9.17),
(343, 28, 'Thiện An', 27.05),
(344, 28, 'Đạt Hiếu', 27.61),
(345, 28, 'Đoàn Kết', 39.89),
(346, 28, 'Thống Nhất', 34.38),
(347, 28, 'Bình Tân', 5.97),
(348, 28, 'Ea Blang', 15.89),
(349, 28, 'Ea Drông', 35.2),
(350, 28, 'Ea Siên', 15.84),
(351, 28, 'Bình Thuận', 17.3),
(352, 28, 'Cư Bao', 29.05),
(353, 29, 'Ea Drăng', 28.04),
(354, 29, 'Ea H\'leo', 13.54),
(355, 29, 'Ea Sol', 35.04),
(356, 29, 'Ea Ral', 5.48),
(357, 29, 'Ea Wy', 16.39),
(358, 29, 'Cư A Mung', 25.62),
(359, 29, 'Cư Mốt', 25.75),
(360, 29, 'Ea Hiao', 20.23),
(361, 29, 'Ea Khal', 35.92),
(362, 29, 'Dlê Yang', 11.42),
(363, 29, 'Ea Tir', 3.81),
(364, 29, 'Ea Nam', 23.3),
(365, 30, 'Ea Súp', 9.55),
(366, 30, 'Ia Lốp', 18.79),
(367, 30, 'Ia Jlơi', 14),
(368, 30, 'Ea Rốk', 39.87),
(369, 30, 'Ya Tờ Mốt', 27.85),
(370, 30, 'Ia Rvê', 16.73),
(371, 30, 'Ea Lê', 31.53),
(372, 30, 'Cư Kbang', 9.12),
(373, 30, 'Ea Bung', 26.71),
(374, 30, 'Cư M\'lan', 11.67),
(375, 31, 'Krông Na', 2.02),
(376, 31, 'Ea Huar', 20.5),
(377, 31, 'Ea Wer', 23.94),
(378, 31, 'Tân Hoà', 21.92),
(379, 31, 'Cuôr Knia', 24.49),
(380, 31, 'Ea Bar', 31.38),
(381, 31, 'Ea Nuôl', 2.5),
(382, 32, 'Ea Pốk', 7.84),
(383, 32, 'Quảng Phú', 18.65),
(384, 32, 'Quảng Tiến', 26.6),
(385, 32, 'Ea Kuêh', 12.62),
(386, 32, 'Ea Kiết', 26.19),
(387, 32, 'Ea Tar', 32.66),
(388, 32, 'Cư Dliê M\'nông', 26.81),
(389, 32, 'Ea H\'đinh', 28.29),
(390, 32, 'Ea Tul', 18.27),
(391, 32, 'Ea Kpam', 38.68),
(392, 32, 'Ea M\'dróh', 26.06),
(393, 32, 'Quảng Hiệp', 19.82),
(394, 32, 'Cư M\'gar', 6.34),
(395, 32, 'Ea D\'rơng', 28.42),
(396, 32, 'Ea M\'nang', 27.86),
(397, 32, 'Cư Suê', 12.54),
(398, 32, 'Cuor Đăng', 39.6),
(399, 33, 'Cư Né', 27.35),
(400, 33, 'Chư Kbô', 13.58),
(401, 33, 'Cư Pơng', 14.66),
(402, 33, 'Ea Sin', 5.93),
(403, 33, 'Pơng Drang', 2.66),
(404, 33, 'Tân Lập', 13.54),
(405, 33, 'Ea Ngai', 2.9),
(406, 34, 'Krông Năng', 29.65),
(407, 34, 'Đliê Ya', 9.51),
(408, 34, 'Ea Tóh', 37.45),
(409, 34, 'Ea Tam', 13.42),
(410, 34, 'Phú Lộc', 28.21),
(411, 34, 'Tam Giang', 17.44),
(412, 34, 'Ea Puk', 17.63),
(413, 34, 'Ea Dăh', 14.13),
(414, 34, 'Ea Hồ', 4.67),
(415, 34, 'Phú Xuân', 6.64),
(416, 34, 'Cư Klông', 14.47),
(417, 34, 'Ea Tân', 15.17),
(418, 35, 'Ea Kar', 8.02),
(419, 35, 'Ea Knốp', 7.12),
(420, 35, 'Ea Sô', 9.16),
(421, 35, 'Ea Sar', 32.1),
(422, 35, 'Xuân Phú', 32.69),
(423, 35, 'Cư Huê', 11.51),
(424, 35, 'Ea Tih', 17.92),
(425, 35, 'Ea Đar', 8.14),
(426, 35, 'Ea Kmút', 33.31),
(427, 35, 'Cư Ni', 31.6),
(428, 35, 'Ea Păl', 40.83),
(429, 35, 'Cư Prông', 31.35),
(430, 35, 'Ea Ô', 19.94),
(431, 35, 'Cư Elang', 5.35),
(432, 35, 'Cư Bông', 9.04),
(433, 35, 'Cư Jang', 37.38),
(434, 36, 'M\'đrắk', 21.54),
(435, 36, 'Cư Prao', 10.78),
(436, 36, 'Ea Pil', 14.87),
(437, 36, 'Ea Lai', 35.73),
(438, 36, 'Ea H\'mlay', 20.69),
(439, 36, 'Krông Jing', 3.99),
(440, 36, 'Ea M\' Doal', 3.78),
(441, 36, 'Ea Riêng', 21.04),
(442, 36, 'Cư M\'ta', 39.77),
(443, 36, 'Cư K Róa', 16.4),
(444, 36, 'Krông Á', 27.07),
(445, 36, 'Cư San', 32.22),
(446, 36, 'Ea Trang', 4.36),
(447, 37, 'Krông Kmar', 8.46),
(448, 37, 'Dang Kang', 20.88),
(449, 37, 'Cư Kty', 3.53),
(450, 37, 'Hòa Thành', 18.26),
(451, 37, 'Hòa Tân', 21.21),
(452, 37, 'Hòa Phong', 16.14),
(453, 37, 'Hòa Lễ', 4.61),
(454, 37, 'Yang Reh', 34.2),
(455, 37, 'Ea Trul', 18.48),
(456, 37, 'Khuê Ngọc Điền', 6),
(457, 37, 'Cư Pui', 21.75),
(458, 37, 'Hòa Sơn', 29.27),
(459, 37, 'Cư Drăm', 13.42),
(460, 37, 'Yang Mao', 38.73),
(461, 38, 'Phước An', 36.62),
(462, 38, 'Krông Búk', 6.38),
(463, 38, 'Ea Kly', 3.98),
(464, 38, 'Ea Kênh', 37.83),
(465, 38, 'Ea Phê', 36.8),
(466, 38, 'Ea Knuec', 20.8),
(467, 38, 'Ea Yông', 29.36),
(468, 38, 'Hòa An', 14.47),
(469, 38, 'Ea Kuăng', 32.15),
(470, 38, 'Hoà Đông', 32.65),
(471, 38, 'Ea Hiu', 18.45),
(472, 38, 'Hòa Tiến', 18.16),
(473, 38, 'Tân Tiến', 27.81),
(474, 38, 'Vụ Bổn', 29.59),
(475, 38, 'Ea Uy', 7.43),
(476, 38, 'Ea Yiêng', 14.32),
(477, 39, 'Buôn Trấp', 31),
(478, 39, 'Dray Sáp', 40.25),
(479, 39, 'Ea Na', 27.79),
(480, 39, 'Ea Bông', 37.73),
(481, 39, 'Băng A Drênh', 33.2),
(482, 39, 'Dur Kmăl', 7.64),
(483, 39, 'Bình Hòa', 2.22),
(484, 39, 'Quảng Điền', 33.46),
(485, 40, 'Liên Sơn', 39.43),
(486, 40, 'Yang Tao', 39.34),
(487, 40, 'Bông Krang', 40.5),
(488, 40, 'Đắk Liêng', 22.42),
(489, 40, 'Buôn Triết', 34.29),
(490, 40, 'Buôn Tría', 17.06),
(491, 40, 'Đắk Phơi', 34.68),
(492, 40, 'Đắk Nuê', 37.94),
(493, 40, 'Krông Nô', 28.05),
(494, 40, 'Nam Ka', 31.39),
(495, 40, 'Ea R\'bin', 10.19),
(496, 41, 'Ea Ning', 19.07),
(497, 41, 'Cư Ê Wi', 2.86),
(498, 41, 'Ea Ktur', 29.49),
(499, 41, 'Ea Tiêu', 10.71),
(500, 41, 'Ea Bhốk', 18.24),
(501, 41, 'Ea Hu', 34.81),
(502, 41, 'Dray Bhăng', 36.72),
(503, 41, 'Hòa Hiệp', 12.35),
(504, 42, 'Nghĩa Đức', 40.16),
(505, 42, 'Nghĩa Thành', 36.09),
(506, 42, 'Nghĩa Phú', 5.56),
(507, 42, 'Nghĩa Tân', 21.13),
(508, 42, 'Nghĩa Trung', 3.49),
(509, 42, 'Đắk R\'moan', 4.09),
(510, 42, 'Quảng Thành', 11.77),
(511, 42, 'Đắk Nia', 22.1),
(512, 43, 'Quảng Sơn', 8.71),
(513, 43, 'Quảng Hoà', 12.77),
(514, 43, 'Đắk Ha', 30.14),
(515, 43, 'Đắk R\'măng', 5.77),
(516, 43, 'Quảng Khê', 21.88),
(517, 43, 'Đắk Plao', 2.92),
(518, 43, 'Đắk Som', 23.21),
(519, 44, 'Ea T\'ling', 37.6),
(520, 44, 'Đắk Wil', 29.57),
(521, 44, 'Ea Pô', 32.88),
(522, 44, 'Nam Dong', 13.89),
(523, 44, 'Đắk Drông', 11.97),
(524, 44, 'Tâm Thắng', 16.28),
(525, 44, 'Cư Knia', 6.58),
(526, 44, 'Trúc Sơn', 5.81),
(527, 45, 'Đắk Mil', 32.66),
(528, 45, 'Đắk Lao', 6.13),
(529, 45, 'Đắk R\'la', 2.78),
(530, 45, 'Đắk Gằn', 4.96),
(531, 45, 'Đức Mạnh', 23.04),
(532, 45, 'Đắk N\'drót', 39.81),
(533, 45, 'Long Sơn', 18.87),
(534, 45, 'Đắk Sắk', 12.86),
(535, 45, 'Thuận An', 28.96),
(536, 45, 'Đức Minh', 2.7),
(537, 46, 'Đắk Mâm', 8.73),
(538, 46, 'Đắk Sôr', 30.4),
(539, 46, 'Nam Xuân', 28.31),
(540, 46, 'Buôn Choah', 8.45),
(541, 46, 'Nam Đà', 29.93),
(542, 46, 'Tân Thành', 40.39),
(543, 46, 'Đắk Drô', 39.94),
(544, 46, 'Nâm Nung', 23.49),
(545, 46, 'Đức Xuyên', 29.04),
(546, 46, 'Đắk Nang', 20.81),
(547, 46, 'Quảng Phú', 26.86),
(548, 46, 'Nâm N\'đir', 20.13),
(549, 47, 'Đức An', 8.44),
(550, 47, 'Đắk Môl', 28.26),
(551, 47, 'Đắk Hoà', 13),
(552, 47, 'Nam Bình', 4.06),
(553, 47, 'Thuận Hà', 8.22),
(554, 47, 'Thuận Hạnh', 14.44),
(555, 47, 'Đắk Rung', 8.44),
(556, 47, 'Nâm N\'jang', 5.37),
(557, 47, 'Trường Xuân', 21.17),
(558, 48, 'Kiến Đức', 37.35),
(559, 48, 'Quảng Tín', 16.17),
(560, 48, 'Đắk Wer', 29.32),
(561, 48, 'Nhân Cơ', 17.09),
(562, 48, 'Kiến Thành', 39.4),
(563, 48, 'Nghĩa Thắng', 28.3),
(564, 48, 'Đạo Nghĩa', 17.65),
(565, 48, 'Đắk Sin', 16.65),
(566, 48, 'Hưng Bình', 34.34),
(567, 48, 'Đắk Ru', 25.48),
(568, 48, 'Nhân Đạo', 3.07),
(569, 49, 'Quảng Trực', 38.59),
(570, 49, 'Đắk Búk So', 39.64),
(571, 49, 'Quảng Tâm', 25.35),
(572, 49, 'Đắk R\'tíh', 14.76),
(573, 49, 'Đắk Ngo', 27.68),
(574, 49, 'Quảng Tân', 13.92),
(575, 50, 'Xuân Thọ', 5.14),
(576, 50, 'Tà Nung', 8.27),
(577, 50, 'Trạm Hành', 2.35),
(578, 50, 'Xuân Trường', 37.67),
(579, 51, 'Lộc Phát', 3.57),
(580, 51, 'Lộc Tiến', 4.18),
(581, 51, 'B\'lao', 6.73),
(582, 51, 'Lộc Sơn', 36.21),
(583, 51, 'Đạm Bri', 9.15),
(584, 51, 'Lộc Thanh', 27.96),
(585, 51, 'Lộc Nga', 4.03),
(586, 51, 'Lộc Châu', 33.08),
(587, 51, 'Đại Lào', 22.16),
(588, 52, 'Đạ Tông', 11.73),
(589, 52, 'Đạ Long', 24.44),
(590, 52, 'Đạ M\'rong (Đam Rong)', 5.68),
(591, 52, 'Liêng S\'roin', 11.99),
(592, 52, 'Đạ Rsal', 9.8),
(593, 52, 'Rô Men', 23.47),
(594, 52, 'Phi Liêng', 18.56),
(595, 52, 'Đạ Knàng', 18.17),
(596, 53, 'Lạc Dương', 40.15),
(597, 53, 'Đạ Chais', 39.55),
(598, 53, 'Đa Nhim', 22.36),
(599, 53, 'Đưng Knớ', 6.55),
(600, 53, 'Lát', 24.86),
(601, 53, 'Đạ Sar', 3.2),
(602, 54, 'Nam Ban', 32.08),
(603, 54, 'Đinh Văn', 35.52),
(604, 54, 'Phú Sơn', 14.64),
(605, 54, 'Phi Tô', 35.64),
(606, 54, 'Mê Linh', 31.03),
(607, 54, 'Đạ Đờn', 4.87),
(608, 54, 'Phúc Thọ', 17.02),
(609, 54, 'Đông Thanh', 19.75),
(610, 54, 'Gia Lâm', 16.92),
(611, 54, 'Tân Thanh', 11.14),
(612, 54, 'Tân Văn', 9.98),
(613, 54, 'Hoài Đức', 10.82),
(614, 54, 'Tân Hà', 35.8),
(615, 54, 'Liên Hà', 12.33),
(616, 54, 'Đan Phượng', 23.41),
(617, 54, 'Nam Hà', 13.99),
(618, 55, 'D\'ran', 16.96),
(619, 55, 'Thạnh Mỹ', 17.78),
(620, 55, 'Lạc Xuân', 18.71),
(621, 55, 'Đạ Ròn', 27.06),
(622, 55, 'Lạc Lâm', 24.56),
(623, 55, 'Ka Đô', 34.65),
(624, 55, 'Quảng Lập', 20.93),
(625, 55, 'Ka Đơn (Deune)', 13.29),
(626, 55, 'Tu Tra', 34.05),
(627, 55, 'Pró', 15.18),
(628, 56, 'Liên Nghĩa', 10.05),
(629, 56, 'Hiệp An', 9.65),
(630, 56, 'Liên Hiệp', 12),
(631, 56, 'Hiệp Thạnh', 3.43),
(632, 56, 'Bình Thạnh', 8.71),
(633, 56, 'N\'thol Hạ', 4.39),
(634, 56, 'Tân Hội', 14.51),
(635, 56, 'Tân Thành', 4.62),
(636, 56, 'Phú Hội', 40.98),
(637, 56, 'Ninh Gia', 35.77),
(638, 56, 'Tà Năng', 16.6),
(639, 56, 'Đa Quyn', 6.42),
(640, 56, 'Tà Hine', 8.1),
(641, 56, 'Đà Loan', 10.95),
(642, 56, 'Ninh Loan', 29.32),
(643, 57, 'Di Linh', 16.64),
(644, 57, 'Đinh Trang Thượng', 38.26),
(645, 57, 'Tân Thượng', 31.74),
(646, 57, 'Tân Lâm', 19.72),
(647, 57, 'Tân Châu', 12.33),
(648, 57, 'Tân Nghĩa', 28.54),
(649, 57, 'Gia Hiệp', 13.71),
(650, 57, 'Đinh Lạc', 9.21),
(651, 57, 'Tam Bố', 15.29),
(652, 57, 'Đinh Trang Hòa', 13.3),
(653, 57, 'Liên Đầm', 15.62),
(654, 57, 'Gung Ré', 4.54),
(655, 57, 'Bảo Thuận', 10.26),
(656, 57, 'Hòa Ninh', 24.35),
(657, 57, 'Hòa Trung', 2.44),
(658, 57, 'Hòa Nam', 28.64),
(659, 57, 'Hòa Bắc', 3.69),
(660, 57, 'Sơn Điền', 12.44),
(661, 57, 'Gia Bắc', 19.53),
(662, 58, 'Lộc Thắng', 7.27),
(663, 58, 'Lộc Bảo', 37.96),
(664, 58, 'Lộc Lâm', 40.32),
(665, 58, 'Lộc Phú', 21.09),
(666, 58, 'Lộc Bắc', 9.46),
(667, 58, 'B\' Lá', 27.57),
(668, 58, 'Lộc Ngãi', 39.88),
(669, 58, 'Lộc Quảng', 28.16),
(670, 58, 'Lộc Tân', 13.1),
(671, 58, 'Lộc Đức', 40.64),
(672, 58, 'Lộc An', 16.27),
(673, 58, 'Tân Lạc', 31.44),
(674, 58, 'Lộc Thành', 17.09),
(675, 58, 'Lộc Nam', 8.23),
(676, 59, 'Đạ M\'ri', 25.9),
(677, 59, 'Ma Đa Guôi', 18.93),
(678, 59, 'Đạ M\'ri', 12.85),
(679, 59, 'Hà Lâm', 26.2),
(680, 59, 'Đạ Tồn', 23.25),
(681, 59, 'Đạ Oai', 32.91),
(682, 59, 'Đạ Ploa', 16.41),
(683, 59, 'Ma Đa Guôi', 13.91),
(684, 59, 'Đoàn Kết', 37.05),
(685, 59, 'Phước Lộc', 11.34),
(686, 60, 'Đạ Tẻh', 20.01),
(687, 60, 'An Nhơn', 33.46),
(688, 60, 'Quốc Oai', 3.95),
(689, 60, 'Mỹ Đức', 24.23),
(690, 60, 'Quảng Trị', 36.79),
(691, 60, 'Đạ Lây', 11.56),
(692, 60, 'Hương Lâm', 15.7),
(693, 60, 'Triệu Hải', 31.73),
(694, 60, 'Hà Đông', 32.99),
(695, 60, 'Đạ Kho', 25.24),
(696, 60, 'Đạ Pal', 39.34),
(697, 61, 'Đồng Nai', 15.1),
(698, 61, 'Tiên Hoàng', 4.72),
(699, 61, 'Phước Cát 2', 8.43),
(700, 61, 'Gia Viễn', 32.81),
(701, 61, 'Nam Ninh', 9.81),
(702, 61, 'Mỹ Lâm', 4.03),
(703, 61, 'Tư Nghĩa', 18.31),
(704, 61, 'Phước Cát 1', 12.76),
(705, 61, 'Đức Phổ', 40.86),
(706, 61, 'Phù Mỹ', 25.62),
(707, 61, 'Quảng Ngãi', 12.99),
(708, 61, 'Đồng Nai Thượng', 11.7);

-- --------------------------------------------------------

--
-- Cấu trúc bảng cho bảng `district`
--

CREATE TABLE `district` (
  `id` int(11) NOT NULL,
  `province_id` int(11) NOT NULL,
  `name` varchar(30) COLLATE utf8_unicode_ci NOT NULL
) ENGINE=InnoDB DEFAULT CHARSET=utf8 COLLATE=utf8_unicode_ci;

--
-- Đang đổ dữ liệu cho bảng `district`
--

INSERT INTO `district` (`id`, `province_id`, `name`) VALUES
(1, 1, 'Kon Tum'),
(2, 1, 'Đắk Glei'),
(3, 1, 'Ngọc Hồi'),
(4, 1, 'Đắk Tô'),
(5, 1, 'Kon Plông'),
(6, 1, 'Kon Rẫy'),
(7, 1, 'Đắk Hà'),
(8, 1, 'Sa Thầy'),
(9, 1, 'Tu Mơ Rông'),
(10, 2, 'Pleiku'),
(11, 2, 'An Khê'),
(12, 2, 'Ayun Pa'),
(13, 2, 'Kbang'),
(14, 2, 'Đăk Đoa'),
(15, 2, 'Chư Păh'),
(16, 2, 'Ia Grai'),
(17, 2, 'Mang Yang'),
(18, 2, 'Kông Chro'),
(19, 2, 'Đức Cơ'),
(20, 2, 'Chư Prông'),
(21, 2, 'Chư Sê'),
(22, 2, 'Đăk Pơ'),
(23, 2, 'Ia Pa'),
(24, 2, 'Krông Pa'),
(25, 2, 'Phú Thiện'),
(26, 2, 'Chư Pưh'),
(27, 3, 'Buôn Ma Thuột'),
(28, 3, 'Buôn Hồ'),
(29, 3, 'Ea H\'leo'),
(30, 3, 'Ea Súp'),
(31, 3, 'Buôn Đôn'),
(32, 3, 'Cư M\'gar'),
(33, 3, 'Krông Búk'),
(34, 3, 'Krông Năng'),
(35, 3, 'Ea Kar'),
(36, 3, 'M\'đrắk'),
(37, 3, 'Krông Bông'),
(38, 3, 'Krông Pắc'),
(39, 3, 'Krông A Na'),
(40, 3, 'Lắk'),
(41, 3, 'Cư Kuin'),
(42, 4, 'Gia Nghĩa'),
(43, 4, 'Đắk Glong'),
(44, 4, 'Cư Jút'),
(45, 4, 'Đắk Mil'),
(46, 4, 'Krông Nô'),
(47, 4, 'Đắk Song'),
(48, 4, 'Đắk R\'lấp'),
(49, 4, 'Tuy Đức'),
(50, 5, 'Đà Lạt'),
(51, 5, 'Bảo Lộc'),
(52, 5, 'Đam Rông'),
(53, 5, 'Lạc Dương'),
(54, 5, 'Lâm Hà'),
(55, 5, 'Đơn Dương'),
(56, 5, 'Đức Trọng'),
(57, 5, 'Di Linh'),
(58, 5, 'Bảo Lâm'),
(59, 5, 'Đạ Huoai'),
(60, 5, 'Đạ Tẻh'),
(61, 5, 'Cát Tiên');

-- --------------------------------------------------------

--
-- Cấu trúc bảng cho bảng `point`
--

CREATE TABLE `point` (
  `id` int(11) NOT NULL,
  `polygon_id` int(11) NOT NULL,
  `longs` double NOT NULL,
  `lats` double NOT NULL
) ENGINE=InnoDB DEFAULT CHARSET=utf8 COLLATE=utf8_unicode_ci;

-- --------------------------------------------------------

--
-- Cấu trúc bảng cho bảng `polygon`
--

CREATE TABLE `polygon` (
  `id` int(11) NOT NULL,
  `commune_id` int(11) NOT NULL
) ENGINE=InnoDB DEFAULT CHARSET=utf8 COLLATE=utf8_unicode_ci;

-- --------------------------------------------------------

--
-- Cấu trúc bảng cho bảng `population`
--

CREATE TABLE `population` (
  `id` int(11) NOT NULL,
  `commune_id` int(11) NOT NULL,
  `time` year(4) NOT NULL,
  `count` double NOT NULL
) ENGINE=InnoDB DEFAULT CHARSET=utf8 COLLATE=utf8_unicode_ci;

--
-- Đang đổ dữ liệu cho bảng `population`
--

INSERT INTO `population` (`id`, `commune_id`, `time`, `count`) VALUES
(1, 1, 2019, 18463),
(2, 2, 2019, 15414),
(3, 3, 2019, 8447),
(4, 4, 2019, 11150),
(5, 5, 2019, 14543),
(6, 6, 2019, 4884),
(7, 7, 2019, 10005),
(8, 8, 2019, 7282),
(9, 9, 2019, 5049),
(10, 10, 2019, 6769),
(11, 11, 2019, 5849),
(12, 12, 2019, 4481),
(13, 13, 2019, 5814),
(14, 14, 2019, 10259),
(15, 15, 2019, 7760),
(16, 16, 2019, 10541),
(17, 17, 2019, 3819),
(18, 18, 2019, 3923),
(19, 19, 2019, 3159),
(20, 20, 2019, 3931),
(21, 21, 2019, 6677),
(22, 22, 2019, 4344),
(23, 23, 2019, 14620),
(24, 24, 2019, 9760),
(25, 25, 2019, 13453),
(26, 26, 2019, 15059),
(27, 27, 2019, 19302),
(28, 28, 2019, 4616),
(29, 29, 2019, 5519),
(30, 30, 2019, 14317),
(31, 31, 2019, 17759),
(32, 32, 2019, 17578),
(33, 33, 2019, 17323),
(34, 34, 2019, 12977),
(35, 35, 2019, 8355),
(36, 36, 2019, 4763),
(37, 37, 2019, 3227),
(38, 38, 2019, 5077),
(39, 39, 2019, 4824),
(40, 40, 2019, 5817),
(41, 41, 2019, 11729),
(42, 42, 2019, 8499),
(43, 43, 2019, 8166),
(44, 44, 2019, 9450),
(45, 45, 2019, 18321),
(46, 46, 2019, 16883),
(47, 47, 2019, 15946),
(48, 48, 2019, 12235),
(49, 49, 2019, 18666),
(50, 50, 2019, 13146),
(51, 51, 2019, 4720),
(52, 52, 2019, 11811),
(53, 53, 2019, 6455),
(54, 54, 2019, 6685),
(55, 55, 2019, 14161),
(56, 56, 2019, 7464),
(57, 57, 2019, 11951),
(58, 58, 2019, 15805),
(59, 59, 2019, 9538),
(60, 60, 2019, 6119),
(61, 61, 2019, 11778),
(62, 62, 2019, 8434),
(63, 63, 2019, 4664),
(64, 64, 2019, 15691),
(65, 65, 2019, 5780),
(66, 66, 2019, 12787),
(67, 67, 2019, 19530),
(68, 68, 2019, 10364),
(69, 69, 2019, 8452),
(70, 70, 2019, 3965),
(71, 71, 2019, 14579),
(72, 72, 2019, 8936),
(73, 73, 2019, 19962),
(74, 74, 2019, 7465),
(75, 75, 2019, 13425),
(76, 76, 2019, 10094),
(77, 77, 2019, 16326),
(78, 78, 2019, 4288),
(79, 79, 2019, 13688),
(80, 80, 2019, 9921),
(81, 81, 2019, 15423),
(82, 82, 2019, 7338),
(83, 83, 2019, 15590),
(84, 84, 2019, 9704),
(85, 85, 2019, 6475),
(86, 86, 2019, 5733),
(87, 87, 2019, 11767),
(88, 88, 2019, 18160),
(89, 89, 2019, 9409),
(90, 90, 2019, 16025),
(91, 91, 2019, 7077),
(92, 92, 2019, 3955),
(93, 93, 2019, 4894),
(94, 94, 2019, 3169),
(95, 95, 2019, 5478),
(96, 96, 2019, 7283),
(97, 97, 2019, 12954),
(98, 98, 2019, 10059),
(99, 99, 2019, 13177),
(100, 100, 2019, 10401),
(101, 101, 2019, 12989),
(102, 102, 2019, 10679),
(103, 103, 2019, 8233),
(104, 104, 2019, 15079),
(105, 105, 2019, 15960),
(106, 106, 2019, 14873),
(107, 107, 2019, 12639),
(108, 108, 2019, 7460),
(109, 109, 2019, 10209),
(110, 110, 2019, 14147),
(111, 111, 2019, 19853),
(112, 112, 2019, 16233),
(113, 113, 2019, 14854),
(114, 114, 2019, 6844),
(115, 115, 2019, 5549),
(116, 116, 2019, 15285),
(117, 117, 2019, 8582),
(118, 118, 2019, 17347),
(119, 119, 2019, 6573),
(120, 120, 2019, 19756),
(121, 121, 2019, 13181),
(122, 122, 2019, 19572),
(123, 123, 2019, 18519),
(124, 124, 2019, 17187),
(125, 125, 2019, 17641),
(126, 126, 2019, 10779),
(127, 127, 2019, 19315),
(128, 128, 2019, 8986),
(129, 129, 2019, 17897),
(130, 130, 2019, 18344),
(131, 131, 2019, 11317),
(132, 132, 2019, 16773),
(133, 133, 2019, 10271),
(134, 134, 2019, 18918),
(135, 135, 2019, 3438),
(136, 136, 2019, 4345),
(137, 137, 2019, 11698),
(138, 138, 2019, 13930),
(139, 139, 2019, 12620),
(140, 140, 2019, 7930),
(141, 141, 2019, 15252),
(142, 142, 2019, 7838),
(143, 143, 2019, 7722),
(144, 144, 2019, 15526),
(145, 145, 2019, 18782),
(146, 146, 2019, 15455),
(147, 147, 2019, 5355),
(148, 148, 2019, 10252),
(149, 149, 2019, 9162),
(150, 150, 2019, 6130),
(151, 151, 2019, 14933),
(152, 152, 2019, 9696),
(153, 153, 2019, 5774),
(154, 154, 2019, 15699),
(155, 155, 2019, 10597),
(156, 156, 2019, 18138),
(157, 157, 2019, 19819),
(158, 158, 2019, 8554),
(159, 159, 2019, 15145),
(160, 160, 2019, 14772),
(161, 161, 2019, 11450),
(162, 162, 2019, 15983),
(163, 163, 2019, 5458),
(164, 164, 2019, 13609),
(165, 165, 2019, 12400),
(166, 166, 2019, 6645),
(167, 167, 2019, 10416),
(168, 168, 2019, 18614),
(169, 169, 2019, 15080),
(170, 170, 2019, 17676),
(171, 171, 2019, 14553),
(172, 172, 2019, 12236),
(173, 173, 2019, 9792),
(174, 174, 2019, 9775),
(175, 175, 2019, 12736),
(176, 176, 2019, 18352),
(177, 177, 2019, 3583),
(178, 178, 2019, 9834),
(179, 179, 2019, 10131),
(180, 180, 2019, 10354),
(181, 181, 2019, 6238),
(182, 182, 2019, 17425),
(183, 183, 2019, 19077),
(184, 184, 2019, 16206),
(185, 185, 2019, 13333),
(186, 186, 2019, 14003),
(187, 187, 2019, 11168),
(188, 188, 2019, 5072),
(189, 189, 2019, 7057),
(190, 190, 2019, 16893),
(191, 191, 2019, 18627),
(192, 192, 2019, 11367),
(193, 193, 2019, 13923),
(194, 194, 2019, 13723),
(195, 195, 2019, 16702),
(196, 196, 2019, 7496),
(197, 197, 2019, 15004),
(198, 198, 2019, 9918),
(199, 199, 2019, 7060),
(200, 200, 2019, 8405),
(201, 201, 2019, 16231),
(202, 202, 2019, 16483),
(203, 203, 2019, 15215),
(204, 204, 2019, 9128),
(205, 205, 2019, 13614),
(206, 206, 2019, 11415),
(207, 207, 2019, 11513),
(208, 208, 2019, 9917),
(209, 209, 2019, 19357),
(210, 210, 2019, 12155),
(211, 211, 2019, 8980),
(212, 212, 2019, 12493),
(213, 213, 2019, 16238),
(214, 214, 2019, 18612),
(215, 215, 2019, 3733),
(216, 216, 2019, 5063),
(217, 217, 2019, 8812),
(218, 218, 2019, 7442),
(219, 219, 2019, 9285),
(220, 220, 2019, 10379),
(221, 221, 2019, 10324),
(222, 222, 2019, 14381),
(223, 223, 2019, 9297),
(224, 224, 2019, 4238),
(225, 225, 2019, 5046),
(226, 226, 2019, 12951),
(227, 227, 2019, 17155),
(228, 228, 2019, 6368),
(229, 229, 2019, 8376),
(230, 230, 2019, 18503),
(231, 231, 2019, 18214),
(232, 232, 2019, 14918),
(233, 233, 2019, 11337),
(234, 234, 2019, 13994),
(235, 235, 2019, 11138),
(236, 236, 2019, 8973),
(237, 237, 2019, 6515),
(238, 238, 2019, 3326),
(239, 239, 2019, 10754),
(240, 240, 2019, 11570),
(241, 241, 2019, 19915),
(242, 242, 2019, 11184),
(243, 243, 2019, 19966),
(244, 244, 2019, 13750),
(245, 245, 2019, 17175),
(246, 246, 2019, 3685),
(247, 247, 2019, 4614),
(248, 248, 2019, 19169),
(249, 249, 2019, 14778),
(250, 250, 2019, 11779),
(251, 251, 2019, 8786),
(252, 252, 2019, 6955),
(253, 253, 2019, 19357),
(254, 254, 2019, 12838),
(255, 255, 2019, 8204),
(256, 256, 2019, 11426),
(257, 257, 2019, 11306),
(258, 258, 2019, 19759),
(259, 259, 2019, 19397),
(260, 260, 2019, 4667),
(261, 261, 2019, 12220),
(262, 262, 2019, 13813),
(263, 263, 2019, 18415),
(264, 264, 2019, 14814),
(265, 265, 2019, 17689),
(266, 266, 2019, 7163),
(267, 267, 2019, 17639),
(268, 268, 2019, 13167),
(269, 269, 2019, 10564),
(270, 270, 2019, 10626),
(271, 271, 2019, 11104),
(272, 272, 2019, 5622),
(273, 273, 2019, 13348),
(274, 274, 2019, 11620),
(275, 275, 2019, 7959),
(276, 276, 2019, 13466),
(277, 277, 2019, 18034),
(278, 278, 2019, 15362),
(279, 279, 2019, 16005),
(280, 280, 2019, 11179),
(281, 281, 2019, 12951),
(282, 282, 2019, 13039),
(283, 283, 2019, 6775),
(284, 284, 2019, 18706),
(285, 285, 2019, 5305),
(286, 286, 2019, 12393),
(287, 287, 2019, 17651),
(288, 288, 2019, 8682),
(289, 289, 2019, 17652),
(290, 290, 2019, 8462),
(291, 291, 2019, 9812),
(292, 292, 2019, 5404),
(293, 293, 2019, 4398),
(294, 294, 2019, 10689),
(295, 295, 2019, 12923),
(296, 296, 2019, 19651),
(297, 297, 2019, 8829),
(298, 298, 2019, 9895),
(299, 299, 2019, 5480),
(300, 300, 2019, 13001),
(301, 301, 2019, 14625),
(302, 302, 2019, 19732),
(303, 303, 2019, 18681),
(304, 304, 2019, 12812),
(305, 305, 2019, 16977),
(306, 306, 2019, 12045),
(307, 307, 2019, 19814),
(308, 308, 2019, 9106),
(309, 309, 2019, 15725),
(310, 310, 2019, 16225),
(311, 311, 2019, 6753),
(312, 312, 2019, 15225),
(313, 313, 2019, 4791),
(314, 314, 2019, 13772),
(315, 315, 2019, 7589),
(316, 316, 2019, 13224),
(317, 317, 2019, 17823),
(318, 318, 2019, 18307),
(319, 319, 2019, 19284),
(320, 320, 2019, 8792),
(321, 321, 2019, 15814),
(322, 322, 2019, 11664),
(323, 323, 2019, 9511),
(324, 324, 2019, 8270),
(325, 325, 2019, 18795),
(326, 326, 2019, 8870),
(327, 327, 2019, 11339),
(328, 328, 2019, 11616),
(329, 329, 2019, 3316),
(330, 330, 2019, 10645),
(331, 331, 2019, 9538),
(332, 332, 2019, 9546),
(333, 333, 2019, 6437),
(334, 334, 2019, 9694),
(335, 335, 2019, 19303),
(336, 336, 2019, 18138),
(337, 337, 2019, 17038),
(338, 338, 2019, 3273),
(339, 339, 2019, 7095),
(340, 340, 2019, 4923),
(341, 341, 2019, 15751),
(342, 342, 2019, 7563),
(343, 343, 2019, 18923),
(344, 344, 2019, 3150),
(345, 345, 2019, 11695),
(346, 346, 2019, 15212),
(347, 347, 2019, 5037),
(348, 348, 2019, 19013),
(349, 349, 2019, 3221),
(350, 350, 2019, 3584),
(351, 351, 2019, 19476),
(352, 352, 2019, 5770),
(353, 353, 2019, 17791),
(354, 354, 2019, 13420),
(355, 355, 2019, 17513),
(356, 356, 2019, 8273),
(357, 357, 2019, 14346),
(358, 358, 2019, 17154),
(359, 359, 2019, 7778),
(360, 360, 2019, 4505),
(361, 361, 2019, 15702),
(362, 362, 2019, 10790),
(363, 363, 2019, 12074),
(364, 364, 2019, 10840),
(365, 365, 2019, 11160),
(366, 366, 2019, 3683),
(367, 367, 2019, 14409),
(368, 368, 2019, 10072),
(369, 369, 2019, 12858),
(370, 370, 2019, 17269),
(371, 371, 2019, 16524),
(372, 372, 2019, 7008),
(373, 373, 2019, 4356),
(374, 374, 2019, 6312),
(375, 375, 2019, 14283),
(376, 376, 2019, 7572),
(377, 377, 2019, 5097),
(378, 378, 2019, 12271),
(379, 379, 2019, 5559),
(380, 380, 2019, 18240),
(381, 381, 2019, 8324),
(382, 382, 2019, 18835),
(383, 383, 2019, 14689),
(384, 384, 2019, 19457),
(385, 385, 2019, 19248),
(386, 386, 2019, 17457),
(387, 387, 2019, 7413),
(388, 388, 2019, 11468),
(389, 389, 2019, 14349),
(390, 390, 2019, 15244),
(391, 391, 2019, 15243),
(392, 392, 2019, 18050),
(393, 393, 2019, 16331),
(394, 394, 2019, 3053),
(395, 395, 2019, 4718),
(396, 396, 2019, 4373),
(397, 397, 2019, 10682),
(398, 398, 2019, 15358),
(399, 399, 2019, 8796),
(400, 400, 2019, 19563),
(401, 401, 2019, 11181),
(402, 402, 2019, 17768),
(403, 403, 2019, 8198),
(404, 404, 2019, 3228),
(405, 405, 2019, 16707),
(406, 406, 2019, 17137),
(407, 407, 2019, 15748),
(408, 408, 2019, 10503),
(409, 409, 2019, 5840),
(410, 410, 2019, 9738),
(411, 411, 2019, 4628),
(412, 412, 2019, 4361),
(413, 413, 2019, 16669),
(414, 414, 2019, 8802),
(415, 415, 2019, 19252),
(416, 416, 2019, 7646),
(417, 417, 2019, 7345),
(418, 418, 2019, 13273),
(419, 419, 2019, 18257),
(420, 420, 2019, 4981),
(421, 421, 2019, 16961),
(422, 422, 2019, 19429),
(423, 423, 2019, 13656),
(424, 424, 2019, 18373),
(425, 425, 2019, 11464),
(426, 426, 2019, 14624),
(427, 427, 2019, 17564),
(428, 428, 2019, 19657),
(429, 429, 2019, 7224),
(430, 430, 2019, 8781),
(431, 431, 2019, 16949),
(432, 432, 2019, 15678),
(433, 433, 2019, 11590),
(434, 434, 2019, 11428),
(435, 435, 2019, 15620),
(436, 436, 2019, 7079),
(437, 437, 2019, 14841),
(438, 438, 2019, 15337),
(439, 439, 2019, 11177),
(440, 440, 2019, 4337),
(441, 441, 2019, 6026),
(442, 442, 2019, 16549),
(443, 443, 2019, 19485),
(444, 444, 2019, 7006),
(445, 445, 2019, 19621),
(446, 446, 2019, 19041),
(447, 447, 2019, 9163),
(448, 448, 2019, 17649),
(449, 449, 2019, 17709),
(450, 450, 2019, 18024),
(451, 451, 2019, 9544),
(452, 452, 2019, 16386),
(453, 453, 2019, 9117),
(454, 454, 2019, 9249),
(455, 455, 2019, 13668),
(456, 456, 2019, 19473),
(457, 457, 2019, 15831),
(458, 458, 2019, 17186),
(459, 459, 2019, 10769),
(460, 460, 2019, 9125),
(461, 461, 2019, 18787),
(462, 462, 2019, 9489),
(463, 463, 2019, 14787),
(464, 464, 2019, 9701),
(465, 465, 2019, 18115),
(466, 466, 2019, 11892),
(467, 467, 2019, 5592),
(468, 468, 2019, 5697),
(469, 469, 2019, 3864),
(470, 470, 2019, 14361),
(471, 471, 2019, 5797),
(472, 472, 2019, 11079),
(473, 473, 2019, 12148),
(474, 474, 2019, 14966),
(475, 475, 2019, 13506),
(476, 476, 2019, 4737),
(477, 477, 2019, 13461),
(478, 478, 2019, 13066),
(479, 479, 2019, 11959),
(480, 480, 2019, 9270),
(481, 481, 2019, 7860),
(482, 482, 2019, 5703),
(483, 483, 2019, 19182),
(484, 484, 2019, 18732),
(485, 485, 2019, 17558),
(486, 486, 2019, 5824),
(487, 487, 2019, 7393),
(488, 488, 2019, 18001),
(489, 489, 2019, 12687),
(490, 490, 2019, 16834),
(491, 491, 2019, 4317),
(492, 492, 2019, 4406),
(493, 493, 2019, 8843),
(494, 494, 2019, 8007),
(495, 495, 2019, 6694),
(496, 496, 2019, 3941),
(497, 497, 2019, 3080),
(498, 498, 2019, 19579),
(499, 499, 2019, 5431),
(500, 500, 2019, 4567),
(501, 501, 2019, 5627),
(502, 502, 2019, 5693),
(503, 503, 2019, 13102),
(504, 504, 2019, 12020),
(505, 505, 2019, 10516),
(506, 506, 2019, 19529),
(507, 507, 2019, 3292),
(508, 508, 2019, 8638),
(509, 509, 2019, 8020),
(510, 510, 2019, 11456),
(511, 511, 2019, 19727),
(512, 512, 2019, 14146),
(513, 513, 2019, 7059),
(514, 514, 2019, 18754),
(515, 515, 2019, 18110),
(516, 516, 2019, 16242),
(517, 517, 2019, 19914),
(518, 518, 2019, 10935),
(519, 519, 2019, 19839),
(520, 520, 2019, 19646),
(521, 521, 2019, 8023),
(522, 522, 2019, 7893),
(523, 523, 2019, 7894),
(524, 524, 2019, 13940),
(525, 525, 2019, 12149),
(526, 526, 2019, 14298),
(527, 527, 2019, 8123),
(528, 528, 2019, 3730),
(529, 529, 2019, 12503),
(530, 530, 2019, 3614),
(531, 531, 2019, 8471),
(532, 532, 2019, 8190),
(533, 533, 2019, 15737),
(534, 534, 2019, 16884),
(535, 535, 2019, 14616),
(536, 536, 2019, 6357),
(537, 537, 2019, 18400),
(538, 538, 2019, 10746),
(539, 539, 2019, 16002),
(540, 540, 2019, 19371),
(541, 541, 2019, 9015),
(542, 542, 2019, 17479),
(543, 543, 2019, 8402),
(544, 544, 2019, 6454),
(545, 545, 2019, 18424),
(546, 546, 2019, 14903),
(547, 547, 2019, 5338),
(548, 548, 2019, 17261),
(549, 549, 2019, 14065),
(550, 550, 2019, 11956),
(551, 551, 2019, 16578),
(552, 552, 2019, 6066),
(553, 553, 2019, 19553),
(554, 554, 2019, 6548),
(555, 555, 2019, 10322),
(556, 556, 2019, 17860),
(557, 557, 2019, 14790),
(558, 558, 2019, 4047),
(559, 559, 2019, 4519),
(560, 560, 2019, 12036),
(561, 561, 2019, 10406),
(562, 562, 2019, 12826),
(563, 563, 2019, 3867),
(564, 564, 2019, 15150),
(565, 565, 2019, 13605),
(566, 566, 2019, 18801),
(567, 567, 2019, 7648),
(568, 568, 2019, 7923),
(569, 569, 2019, 13531),
(570, 570, 2019, 15328),
(571, 571, 2019, 16205),
(572, 572, 2019, 19584),
(573, 573, 2019, 14555),
(574, 574, 2019, 13540),
(575, 575, 2019, 16489),
(576, 576, 2019, 19203),
(577, 577, 2019, 12384),
(578, 578, 2019, 5754),
(579, 579, 2019, 9871),
(580, 580, 2019, 6393),
(581, 581, 2019, 17593),
(582, 582, 2019, 9406),
(583, 583, 2019, 8421),
(584, 584, 2019, 15439),
(585, 585, 2019, 19429),
(586, 586, 2019, 5394),
(587, 587, 2019, 3465),
(588, 588, 2019, 16954),
(589, 589, 2019, 17467),
(590, 590, 2019, 18104),
(591, 591, 2019, 14165),
(592, 592, 2019, 19812),
(593, 593, 2019, 5453),
(594, 594, 2019, 14971),
(595, 595, 2019, 13565),
(596, 596, 2019, 3399),
(597, 597, 2019, 4161),
(598, 598, 2019, 13042),
(599, 599, 2019, 6736),
(600, 600, 2019, 7917),
(601, 601, 2019, 14821),
(602, 602, 2019, 19753),
(603, 603, 2019, 12194),
(604, 604, 2019, 12329),
(605, 605, 2019, 19005),
(606, 606, 2019, 3534),
(607, 607, 2019, 4603),
(608, 608, 2019, 7412),
(609, 609, 2019, 14914),
(610, 610, 2019, 10615),
(611, 611, 2019, 8836),
(612, 612, 2019, 7454),
(613, 613, 2019, 9239),
(614, 614, 2019, 7278),
(615, 615, 2019, 19117),
(616, 616, 2019, 9753),
(617, 617, 2019, 4622),
(618, 618, 2019, 8437),
(619, 619, 2019, 14701),
(620, 620, 2019, 5604),
(621, 621, 2019, 9453),
(622, 622, 2019, 10600),
(623, 623, 2019, 19928),
(624, 624, 2019, 19729),
(625, 625, 2019, 10355),
(626, 626, 2019, 4338),
(627, 627, 2019, 8361),
(628, 628, 2019, 18942),
(629, 629, 2019, 12010),
(630, 630, 2019, 9036),
(631, 631, 2019, 3925),
(632, 632, 2019, 7840),
(633, 633, 2019, 9735),
(634, 634, 2019, 11466),
(635, 635, 2019, 14731),
(636, 636, 2019, 13558),
(637, 637, 2019, 13556),
(638, 638, 2019, 15839),
(639, 639, 2019, 17541),
(640, 640, 2019, 12734),
(641, 641, 2019, 10221),
(642, 642, 2019, 8150),
(643, 643, 2019, 13485),
(644, 644, 2019, 12858),
(645, 645, 2019, 3275),
(646, 646, 2019, 18906),
(647, 647, 2019, 8905),
(648, 648, 2019, 9901),
(649, 649, 2019, 10667),
(650, 650, 2019, 10413),
(651, 651, 2019, 4827),
(652, 652, 2019, 19926),
(653, 653, 2019, 8473),
(654, 654, 2019, 9097),
(655, 655, 2019, 12494),
(656, 656, 2019, 19678),
(657, 657, 2019, 6607),
(658, 658, 2019, 6864),
(659, 659, 2019, 10144),
(660, 660, 2019, 14551),
(661, 661, 2019, 19616),
(662, 662, 2019, 6748),
(663, 663, 2019, 5573),
(664, 664, 2019, 10805),
(665, 665, 2019, 12575),
(666, 666, 2019, 19081),
(667, 667, 2019, 3483),
(668, 668, 2019, 11536),
(669, 669, 2019, 7821),
(670, 670, 2019, 4504),
(671, 671, 2019, 12223),
(672, 672, 2019, 17544),
(673, 673, 2019, 5119),
(674, 674, 2019, 17620),
(675, 675, 2019, 7352),
(676, 676, 2019, 10760),
(677, 677, 2019, 8312),
(678, 678, 2019, 17603),
(679, 679, 2019, 7155),
(680, 680, 2019, 19656),
(681, 681, 2019, 15581),
(682, 682, 2019, 13772),
(683, 683, 2019, 12004),
(684, 684, 2019, 4206),
(685, 685, 2019, 16199),
(686, 686, 2019, 11156),
(687, 687, 2019, 14100),
(688, 688, 2019, 8592),
(689, 689, 2019, 14022),
(690, 690, 2019, 15047),
(691, 691, 2019, 9980),
(692, 692, 2019, 7099),
(693, 693, 2019, 14026),
(694, 694, 2019, 17647),
(695, 695, 2019, 17141),
(696, 696, 2019, 8348),
(697, 697, 2019, 19089),
(698, 698, 2019, 15485),
(699, 699, 2019, 3331),
(700, 700, 2019, 19937),
(701, 701, 2019, 14345),
(702, 702, 2019, 5691),
(703, 703, 2019, 8088),
(704, 704, 2019, 17179),
(705, 705, 2019, 8030),
(706, 706, 2019, 10799),
(707, 707, 2019, 5630),
(708, 708, 2019, 16674);

-- --------------------------------------------------------

--
-- Cấu trúc bảng cho bảng `province`
--

CREATE TABLE `province` (
  `id` int(11) NOT NULL,
  `name` varchar(30) COLLATE utf8_unicode_ci NOT NULL
) ENGINE=InnoDB DEFAULT CHARSET=utf8 COLLATE=utf8_unicode_ci;

--
-- Đang đổ dữ liệu cho bảng `province`
--

INSERT INTO `province` (`id`, `name`) VALUES
(1, 'Kon Tum'),
(2, 'Gia Lai'),
(3, 'Đắk Lắk'),
(4, 'Đắk Nông'),
(5, 'Lâm Đồng');

--
-- Chỉ mục cho các bảng đã đổ
--

--
-- Chỉ mục cho bảng `commune`
--
ALTER TABLE `commune`
  ADD PRIMARY KEY (`id`),
  ADD KEY `COMMUNE_DISTRICT_FK` (`district_id`);

--
-- Chỉ mục cho bảng `district`
--
ALTER TABLE `district`
  ADD PRIMARY KEY (`id`),
  ADD KEY `DISTRICT_PROVINCE_FK` (`province_id`);

--
-- Chỉ mục cho bảng `point`
--
ALTER TABLE `point`
  ADD PRIMARY KEY (`id`),
  ADD KEY `POINT_COMMUNE_FK` (`polygon_id`);

--
-- Chỉ mục cho bảng `polygon`
--
ALTER TABLE `polygon`
  ADD PRIMARY KEY (`id`),
  ADD KEY `POLYGON_COMMUNE_FK` (`commune_id`);

--
-- Chỉ mục cho bảng `population`
--
ALTER TABLE `population`
  ADD PRIMARY KEY (`id`),
  ADD KEY `POPULATION_COMMUNE_FK` (`commune_id`);

--
-- Chỉ mục cho bảng `province`
--
ALTER TABLE `province`
  ADD PRIMARY KEY (`id`);

--
-- AUTO_INCREMENT cho các bảng đã đổ
--

--
-- AUTO_INCREMENT cho bảng `commune`
--
ALTER TABLE `commune`
  MODIFY `id` int(11) NOT NULL AUTO_INCREMENT, AUTO_INCREMENT=709;

--
-- AUTO_INCREMENT cho bảng `district`
--
ALTER TABLE `district`
  MODIFY `id` int(11) NOT NULL AUTO_INCREMENT, AUTO_INCREMENT=62;

--
-- AUTO_INCREMENT cho bảng `point`
--
ALTER TABLE `point`
  MODIFY `id` int(11) NOT NULL AUTO_INCREMENT;

--
-- AUTO_INCREMENT cho bảng `polygon`
--
ALTER TABLE `polygon`
  MODIFY `id` int(11) NOT NULL AUTO_INCREMENT;

--
-- AUTO_INCREMENT cho bảng `population`
--
ALTER TABLE `population`
  MODIFY `id` int(11) NOT NULL AUTO_INCREMENT, AUTO_INCREMENT=709;

--
-- AUTO_INCREMENT cho bảng `province`
--
ALTER TABLE `province`
  MODIFY `id` int(11) NOT NULL AUTO_INCREMENT, AUTO_INCREMENT=11;

--
-- Các ràng buộc cho các bảng đã đổ
--

--
-- Các ràng buộc cho bảng `commune`
--
ALTER TABLE `commune`
  ADD CONSTRAINT `COMMUNE_DISTRICT_FK` FOREIGN KEY (`district_id`) REFERENCES `district` (`id`);

--
-- Các ràng buộc cho bảng `district`
--
ALTER TABLE `district`
  ADD CONSTRAINT `DISTRICT_PROVINCE_FK` FOREIGN KEY (`province_id`) REFERENCES `province` (`id`);

--
-- Các ràng buộc cho bảng `point`
--
ALTER TABLE `point`
  ADD CONSTRAINT `POINT_COMMUNE_FK` FOREIGN KEY (`polygon_id`) REFERENCES `polygon` (`id`);

--
-- Các ràng buộc cho bảng `polygon`
--
ALTER TABLE `polygon`
  ADD CONSTRAINT `POLYGON_COMMUNE_FK` FOREIGN KEY (`commune_id`) REFERENCES `commune` (`id`);

--
-- Các ràng buộc cho bảng `population`
--
ALTER TABLE `population`
  ADD CONSTRAINT `POPULATION_COMMUNE_FK` FOREIGN KEY (`commune_id`) REFERENCES `commune` (`id`);
COMMIT;

/*!40101 SET CHARACTER_SET_CLIENT=@OLD_CHARACTER_SET_CLIENT */;
/*!40101 SET CHARACTER_SET_RESULTS=@OLD_CHARACTER_SET_RESULTS */;
/*!40101 SET COLLATION_CONNECTION=@OLD_COLLATION_CONNECTION */;
