-- phpMyAdmin SQL Dump
-- version 5.0.3
-- https://www.phpmyadmin.net/
--
-- Máy chủ: 127.0.0.1
-- Thời gian đã tạo: Th12 13, 2020 lúc 04:59 PM
-- Phiên bản máy phục vụ: 10.4.14-MariaDB
-- Phiên bản PHP: 7.2.34

SET SQL_MODE = "NO_AUTO_VALUE_ON_ZERO";
START TRANSACTION;
SET time_zone = "+00:00";


/*!40101 SET @OLD_CHARACTER_SET_CLIENT=@@CHARACTER_SET_CLIENT */;
/*!40101 SET @OLD_CHARACTER_SET_RESULTS=@@CHARACTER_SET_RESULTS */;
/*!40101 SET @OLD_COLLATION_CONNECTION=@@COLLATION_CONNECTION */;
/*!40101 SET NAMES utf8mb4 */;

--
-- Cơ sở dữ liệu: `population`
--

-- --------------------------------------------------------

--
-- Cấu trúc bảng cho bảng `commune`
--

CREATE TABLE `commune` (
  `id` int(11) NOT NULL,
  `district_id` int(11) NOT NULL,
  `name` varchar(30) COLLATE utf8_unicode_ci NOT NULL,
  `acreage` double NOT NULL
) ENGINE=InnoDB DEFAULT CHARSET=utf8 COLLATE=utf8_unicode_ci;

--
-- Đang đổ dữ liệu cho bảng `commune`
--

INSERT INTO `commune` (`id`, `district_id`, `name`, `acreage`) VALUES
(1, 1, 'Quang Trung', 3.58),
(2, 1, 'Duy Tân', 5.5),
(3, 1, 'Quyết Thắng', 1.21),
(4, 1, 'Trường Chinh', 5.19),
(5, 1, 'Thắng Lợi', 4.63),
(6, 1, 'Ngô Mây', 17.22),
(7, 1, 'Thống Nhất', 4.53),
(8, 1, 'Lê Lợi', 3.82),
(9, 1, 'Nguyễn Trãi', 4.79),
(10, 1, 'Trần Hưng Đạo', 6.38),
(11, 1, 'Đắk Cấm', 43.52),
(12, 1, 'Kroong', 32.78),
(13, 1, 'Ngọk Bay', 18.81),
(14, 1, 'Vinh Quang', 10.42),
(15, 1, 'Đắk Blà', 41.16),
(16, 1, 'Ia Chim', 66.87),
(17, 1, 'Đăk Năng', 22.91),
(18, 1, 'Đoàn Kết', 21.15),
(19, 1, 'Chư Hreng', 27.58),
(20, 1, 'Đắk Rơ Wa', 28.4),
(21, 1, 'Hòa Bình', 60.75),
(22, 2, 'Đắk Glei', 30.06),
(23, 2, 'Đắk Plô', 23.17),
(24, 2, 'Đắk Man', 38.56),
(25, 2, 'Đắk Nhoong', 19.34),
(26, 2, 'Đắk Pék', 2.28),
(27, 2, 'Đắk Choong', 31.72),
(28, 2, 'Xốp', 25.21),
(29, 2, 'Mường Hoong', 19.4),
(30, 2, 'Ngọc Linh', 29.75),
(31, 2, 'Đắk Long', 31.89),
(32, 2, 'Đắk Kroong', 8.58),
(33, 2, 'Đắk Môn', 16.82),
(34, 3, 'Plei Cần', 20.92),
(35, 3, 'Đắk Ang', 19.97),
(36, 3, 'Đắk Dục', 21.84),
(37, 3, 'Đắk Nông', 27.46),
(38, 3, 'Đắk Xú', 30.19),
(39, 3, 'Đắk Kan', 3.96),
(40, 3, 'Pờ Y', 30.51),
(41, 3, 'Sa Loong', 4.45),
(42, 4, 'Đắk Tô', 34.68),
(43, 4, 'Đăk Rơ Nga', 22.01),
(44, 4, 'Ngọk Tụ', 24.01),
(45, 4, 'Đăk Trăm', 15.88),
(46, 4, 'Văn Lem', 29.53),
(47, 4, 'Kon Đào', 33.6),
(48, 4, 'Tân Cảnh', 6.2),
(49, 4, 'Diên Bình', 36.61),
(50, 4, 'Pô Kô', 34.62),
(51, 5, 'Đắk Nên', 36.89),
(52, 5, 'Đắk Ring', 17.28),
(53, 5, 'Măng Buk', 15.53),
(54, 5, 'Đắk Tăng', 27.72),
(55, 5, 'Ngok Tem', 8.4),
(56, 5, 'Pờ Ê', 4.12),
(57, 5, 'Măng Cành', 13.09),
(58, 5, 'Đắk Long', 19.71),
(59, 5, 'Hiếu', 26.15),
(60, 6, 'Đắk Rve', 25.29),
(61, 6, 'Đắk Kôi', 32.81),
(62, 6, 'Đắk Tơ Lung', 8.49),
(63, 6, 'Đắk Ruồng', 37.2),
(64, 6, 'Đắk Pne', 32.39),
(65, 6, 'Đắk Tờ Re', 29.43),
(66, 6, 'Tân Lập', 36.89),
(67, 7, 'Đắk Hà', 4.01),
(68, 7, 'Đắk Pxi', 35.7),
(69, 7, 'Đắk Hring', 33.63),
(70, 7, 'Đắk Ui', 39.73),
(71, 7, 'Đắk Mar', 10.16),
(72, 7, 'Ngok Wang', 11.61),
(73, 7, 'Ngok Réo', 9.88),
(74, 7, 'Hà Mòn', 16.05),
(75, 7, 'Đắk La', 14.82),
(76, 8, 'Sa Thầy', 3.32),
(77, 8, 'Rơ Kơi', 5.15),
(78, 8, 'Sa Nhơn', 37.02),
(79, 8, 'Hơ Moong', 10.81),
(80, 8, 'Mô Rai', 31.85),
(81, 8, 'Sa Sơn', 30.34),
(82, 8, 'Sa Nghĩa', 8.71),
(83, 8, 'Sa Bình', 35.83),
(84, 8, 'Ya Xiêr', 17.25),
(85, 8, 'Ya Tăng', 22.23),
(86, 8, 'Ya Ly', 10.13),
(87, 9, 'Ngọk Lây', 37.11),
(88, 9, 'Đắk Na', 23.28),
(89, 9, 'Măng Ri', 18.88),
(90, 9, 'Ngok Yêu', 35.48),
(91, 9, 'Đắk Sao', 4.2),
(92, 9, 'Đăk Rơ Ông', 18.07),
(93, 9, 'Đắk Tơ Kan', 13.46),
(94, 9, 'Tu Mơ Rông', 16.13),
(95, 9, 'Đắk Hà', 28.23),
(96, 9, 'Tê Xăng', 5.27),
(97, 9, 'Văn Xuôi', 28.26),
(98, 10, 'Yên Đỗ', 10.74),
(99, 10, 'Diên Hồng', 30.41),
(100, 10, 'Ia Kring', 20.67),
(101, 10, 'Hội Thương', 21.59),
(102, 10, 'Hội Phú', 6.84),
(103, 10, 'Phù Đổng', 32.17),
(104, 10, 'Hoa Lư', 37.42),
(105, 10, 'Tây Sơn', 15.51),
(106, 10, 'Thống Nhất', 17.01),
(107, 10, 'Đống Đa', 10.84),
(108, 10, 'Trà Bá', 26),
(109, 10, 'Thắng Lợi', 6.25),
(110, 10, 'Yên Thế', 26.24),
(111, 10, 'Chi Lăng', 20.53),
(112, 10, 'Chư Hdrông', 34.14),
(113, 10, 'Biển Hồ', 3.38),
(114, 10, 'Tân Sơn', 26.29),
(115, 10, 'Trà Đa', 38.35),
(116, 10, 'Chư Á', 29.39),
(117, 10, 'An Phú', 28.18),
(118, 10, 'Diên Phú', 30),
(119, 10, 'Ia Kênh', 33.8),
(120, 10, 'Gào', 35.39),
(121, 11, 'An Bình', 20.56),
(122, 11, 'Tây Sơn', 11.24),
(123, 11, 'An Phú', 36.39),
(124, 11, 'An Tân', 11.87),
(125, 11, 'An Phước', 23.13),
(126, 11, 'Ngô Mây', 3.23),
(127, 11, 'Tú An', 13.02),
(128, 11, 'Xuân An', 39.9),
(129, 11, 'Cửu An', 23.59),
(130, 11, 'Song An', 32),
(131, 11, 'Thành An', 35.64),
(132, 12, 'Cheo Reo', 26.74),
(133, 12, 'Hoà Bình', 32.23),
(134, 12, 'Đoàn Kết', 30.33),
(135, 12, 'Sông Bờ', 8.19),
(136, 12, 'Ia Rbol', 16.72),
(137, 12, 'Chư Băh', 36.61),
(138, 12, 'Ia Rtô', 32.62),
(139, 12, 'Ia Sao', 16.54),
(140, 13, 'Kbang', 25.2),
(141, 13, 'Kon Pne', 30.58),
(142, 13, 'Đăk Roong', 3.39),
(143, 13, 'Sơn Lang', 26.09),
(144, 13, 'Krong', 15.13),
(145, 13, 'Sơ Pai', 6.73),
(146, 13, 'Lơ Ku', 3.58),
(147, 13, 'Đông', 12.33),
(148, 13, 'Đak Smar', 24.15),
(149, 13, 'Nghĩa An', 22.73),
(150, 13, 'Tơ Tung', 28.01),
(151, 13, 'Kông Lơng Khơng', 3.11),
(152, 13, 'Kông Pla', 11.31),
(153, 13, 'Đăk Hlơ', 2.49),
(154, 14, 'Đăk Đoa', 3.56),
(155, 14, 'Hà Đông', 34.2),
(156, 14, 'Đăk Sơmei', 31.83),
(157, 14, 'Đak Krong', 11.6),
(158, 14, 'Hải Yang', 7.37),
(159, 14, 'Kon Gang', 18.52),
(160, 14, 'Hà Bầu', 17.39),
(161, 14, 'Nam Yang', 26.63),
(162, 14, 'K\' Dang', 13.08),
(163, 14, 'H\' Neng', 2.79),
(164, 14, 'Tân Bình', 16.09),
(165, 14, 'Glar', 13.1),
(166, 14, 'A Dơk', 9.45),
(167, 14, 'Trang', 21.74),
(168, 14, 'Hnol', 40),
(169, 14, 'Ia Pết', 2.57),
(170, 14, 'Ia Băng', 31.91),
(171, 15, 'Phú Hòa', 12.92),
(172, 15, 'Hà Tây', 26.95),
(173, 15, 'Ia Khươl', 5.08),
(174, 15, 'Ia Phí', 10.97),
(175, 15, 'Ia Ly', 18.58),
(176, 15, 'Ia Mơ Nông', 8.84),
(177, 15, 'Ia Kreng', 25.03),
(178, 15, 'Đăk Tơ Ver', 21.21),
(179, 15, 'Hòa Phú', 34.23),
(180, 15, 'Chư Đăng Ya', 27.2),
(181, 15, 'Ia Ka', 6.16),
(182, 15, 'Ia Nhin', 20.85),
(183, 15, 'Nghĩa Hòa', 2.36),
(184, 15, 'Chư Jôr', 22.1),
(185, 15, 'Nghĩa Hưng', 27.74),
(186, 16, 'Ia Kha', 31.05),
(187, 16, 'Ia Sao', 34.49),
(188, 16, 'Ia Yok', 25.8),
(189, 16, 'Ia Hrung', 24.5),
(190, 16, 'Ia Bă', 15.7),
(191, 16, 'Ia Khai', 24.66),
(192, 16, 'Ia Krai', 4.41),
(193, 16, 'Ia Grăng', 9.77),
(194, 16, 'Ia Tô', 34.01),
(195, 16, 'Ia O', 2.58),
(196, 16, 'Ia Dêr', 4.93),
(197, 16, 'Ia Chia', 35.81),
(198, 16, 'Ia Pếch', 26.66),
(199, 17, 'Kon Dơng', 7.29),
(200, 17, 'Ayun', 19.14),
(201, 17, 'Đak Jơ Ta', 35.64),
(202, 17, 'Đak Ta Ley', 23.14),
(203, 17, 'Hà Ra', 33.4),
(204, 17, 'Đăk Yă', 38.89),
(205, 17, 'Đăk Djrăng', 5.74),
(206, 17, 'Lơ Pang', 7.36),
(207, 17, 'Kon Thụp', 13.62),
(208, 17, 'Đê Ar', 5.53),
(209, 17, 'Kon Chiêng', 16.33),
(210, 17, 'Đăk Trôi', 3.16),
(211, 18, 'Kông Chro', 19),
(212, 18, 'Chư Krêy', 32.82),
(213, 18, 'An Trung', 3.48),
(214, 18, 'Kông Yang', 19.68),
(215, 18, 'Đăk Tơ Pang', 12.37),
(216, 18, 'Sró', 13.4),
(217, 18, 'Đắk Cơ Ning', 16.93),
(218, 18, 'Đăk Song', 33.64),
(219, 18, 'Đăk Pling', 11.11),
(220, 18, 'Yang Trung', 7.41),
(221, 18, 'Đăk Pơ Pho', 27.66),
(222, 18, 'Ya Ma', 38.04),
(223, 18, 'Chơ Long', 2.74),
(224, 18, 'Yang Nam', 34.02),
(225, 19, 'Chư Ty', 17.81),
(226, 19, 'Ia Dơk', 26.92),
(227, 19, 'Ia Krêl', 7.01),
(228, 19, 'Ia Din', 24),
(229, 19, 'Ia Kla', 4.63),
(230, 19, 'Ia Dom', 10.37),
(231, 19, 'Ia Lang', 26.05),
(232, 19, 'Ia Kriêng', 33.14),
(233, 19, 'Ia Pnôn', 21.21),
(234, 19, 'Ia Nan', 24.18),
(235, 20, 'Chư Prông', 11.34),
(236, 20, 'Ia Kly', 9.76),
(237, 20, 'Bình Giáo', 11.68),
(238, 20, 'Ia Drăng', 6.57),
(239, 20, 'Thăng Hưng', 39.46),
(240, 20, 'Bàu Cạn', 26.52),
(241, 20, 'Ia Phìn', 26.78),
(242, 20, 'Ia Băng', 18.98),
(243, 20, 'Ia Tôr', 33.27),
(244, 20, 'Ia Boòng', 25.83),
(245, 20, 'Ia O', 4.96),
(246, 20, 'Ia Púch', 27.94),
(247, 20, 'Ia Me', 36.44),
(248, 20, 'Ia Vê', 26.93),
(249, 20, 'Ia Bang', 33.7),
(250, 20, 'Ia Pia', 7.79),
(251, 20, 'Ia Ga', 12.9),
(252, 20, 'Ia Lâu', 8.96),
(253, 20, 'Ia Piơr', 13.67),
(254, 20, 'Ia Mơ', 4.94),
(255, 21, 'Chư Sê', 39.57),
(256, 21, 'Ia Tiêm', 17.59),
(257, 21, 'Chư Pơng', 18.42),
(258, 21, 'Bar Măih', 6.27),
(259, 21, 'Bờ Ngoong', 9.55),
(260, 21, 'Ia Glai', 39.32),
(261, 21, 'Al Bá', 5.52),
(262, 21, 'Kông Htok', 31.62),
(263, 21, 'Ayun', 28.5),
(264, 21, 'Ia Hlốp', 27.15),
(265, 21, 'Ia Blang', 23.97),
(266, 21, 'Dun', 35.71),
(267, 21, 'Ia Pal', 2.17),
(268, 21, 'H Bông', 3.18),
(269, 21, 'Ia Ko', 2.91),
(270, 22, 'Hà Tam', 29.13),
(271, 22, 'An Thành', 21.33),
(272, 22, 'Đak Pơ', 3.94),
(273, 22, 'Yang Bắc', 22.66),
(274, 22, 'Cư An', 34.97),
(275, 22, 'Tân An', 17.46),
(276, 22, 'Phú An', 17.25),
(277, 22, 'Ya Hội', 6.23),
(278, 23, 'Pờ Tó', 37.84),
(279, 23, 'Chư Răng', 39.68),
(280, 23, 'Ia Kdăm', 3.26),
(281, 23, 'Kim Tân', 30.14),
(282, 23, 'Chư Mố', 29.92),
(283, 23, 'Ia Tul', 16.14),
(284, 23, 'Ia Ma Rơn', 34.94),
(285, 23, 'Ia Broăi', 29.22),
(286, 23, 'Ia Trok', 9.4),
(287, 24, 'Phú Túc', 25.89),
(288, 24, 'Ia Rsai', 14.62),
(289, 24, 'Ia Rsươm', 23.06),
(290, 24, 'Chư Gu', 20.04),
(291, 24, 'Đất Bằng', 5.48),
(292, 24, 'Ia Mláh', 3.89),
(293, 24, 'Chư Drăng', 9.15),
(294, 24, 'Phú Cần', 28.02),
(295, 24, 'Ia Hdreh', 39.05),
(296, 24, 'Ia Rmok', 12.92),
(297, 24, 'Chư Ngọc', 20.66),
(298, 24, 'Uar', 10.91),
(299, 24, 'Chư Rcăm', 21.64),
(300, 24, 'Krông Năng', 34.05),
(301, 25, 'Phú Thiện', 20.67),
(302, 25, 'Chư A Thai', 30.28),
(303, 25, 'Ayun Hạ', 24.22),
(304, 25, 'Ia Ake', 4.02),
(305, 25, 'Ia Sol', 6.38),
(306, 25, 'Ia Piar', 11.69),
(307, 25, 'Ia Peng', 22.92),
(308, 25, 'Chrôh Pơnan', 36.24),
(309, 25, 'Ia Hiao', 11.66),
(310, 25, 'Ia Yeng', 4.2),
(311, 26, 'Nhơn Hoà', 24.9),
(312, 26, 'Ia Hrú', 30.95),
(313, 26, 'Ia Rong', 18.87),
(314, 26, 'Ia Dreng', 38.37),
(315, 26, 'Ia Hla', 4),
(316, 26, 'Chư Don', 34.44),
(317, 26, 'Ia Phang', 6.17),
(318, 26, 'Ia Le', 10.85),
(319, 26, 'Ia Blứ', 10.85),
(320, 27, 'Tân Lập', 38.26),
(321, 27, 'Tân Hoà', 22.6),
(322, 27, 'Tân An', 4.6),
(323, 27, 'Thống Nhất', 21.47),
(324, 27, 'Thành Nhất', 2.98),
(325, 27, 'Thắng Lợi', 13.01),
(326, 27, 'Tân Lợi', 22.04),
(327, 27, 'Thành Công', 39.61),
(328, 27, 'Tân Thành', 12.95),
(329, 27, 'Tân Tiến', 4.17),
(330, 27, 'Tự An', 37.79),
(331, 27, 'Ea Tam', 20.56),
(332, 27, 'Khánh Xuân', 33.81),
(333, 27, 'Hòa Thuận', 13.43),
(334, 27, 'Cư Êbur', 22.83),
(335, 27, 'Ea Tu', 9.96),
(336, 27, 'Hòa Thắng', 32.82),
(337, 27, 'Ea Kao', 18.88),
(338, 27, 'Hòa Phú', 25.46),
(339, 27, 'Hòa Khánh', 5.75),
(340, 27, 'Hòa Xuân', 21.45),
(341, 28, 'An Lạc', 30.77),
(342, 28, 'An Bình', 9.17),
(343, 28, 'Thiện An', 27.05),
(344, 28, 'Đạt Hiếu', 27.61),
(345, 28, 'Đoàn Kết', 39.89),
(346, 28, 'Thống Nhất', 34.38),
(347, 28, 'Bình Tân', 5.97),
(348, 28, 'Ea Blang', 15.89),
(349, 28, 'Ea Drông', 35.2),
(350, 28, 'Ea Siên', 15.84),
(351, 28, 'Bình Thuận', 17.3),
(352, 28, 'Cư Bao', 29.05),
(353, 29, 'Ea Drăng', 28.04),
(354, 29, 'Ea H\'leo', 13.54),
(355, 29, 'Ea Sol', 35.04),
(356, 29, 'Ea Ral', 5.48),
(357, 29, 'Ea Wy', 16.39),
(358, 29, 'Cư A Mung', 25.62),
(359, 29, 'Cư Mốt', 25.75),
(360, 29, 'Ea Hiao', 20.23),
(361, 29, 'Ea Khal', 35.92),
(362, 29, 'Dlê Yang', 11.42),
(363, 29, 'Ea Tir', 3.81),
(364, 29, 'Ea Nam', 23.3),
(365, 30, 'Ea Súp', 9.55),
(366, 30, 'Ia Lốp', 18.79),
(367, 30, 'Ia Jlơi', 14),
(368, 30, 'Ea Rốk', 39.87),
(369, 30, 'Ya Tờ Mốt', 27.85),
(370, 30, 'Ia Rvê', 16.73),
(371, 30, 'Ea Lê', 31.53),
(372, 30, 'Cư Kbang', 9.12),
(373, 30, 'Ea Bung', 26.71),
(374, 30, 'Cư M\'lan', 11.67),
(375, 31, 'Krông Na', 2.02),
(376, 31, 'Ea Huar', 20.5),
(377, 31, 'Ea Wer', 23.94),
(378, 31, 'Tân Hoà', 21.92),
(379, 31, 'Cuôr Knia', 24.49),
(380, 31, 'Ea Bar', 31.38),
(381, 31, 'Ea Nuôl', 2.5),
(382, 32, 'Ea Pốk', 7.84),
(383, 32, 'Quảng Phú', 18.65),
(384, 32, 'Quảng Tiến', 26.6),
(385, 32, 'Ea Kuêh', 12.62),
(386, 32, 'Ea Kiết', 26.19),
(387, 32, 'Ea Tar', 32.66),
(388, 32, 'Cư Dliê M\'nông', 26.81),
(389, 32, 'Ea H\'đinh', 28.29),
(390, 32, 'Ea Tul', 18.27),
(391, 32, 'Ea Kpam', 38.68),
(392, 32, 'Ea M\'dróh', 26.06),
(393, 32, 'Quảng Hiệp', 19.82),
(394, 32, 'Cư M\'gar', 6.34),
(395, 32, 'Ea D\'rơng', 28.42),
(396, 32, 'Ea M\'nang', 27.86),
(397, 32, 'Cư Suê', 12.54),
(398, 32, 'Cuor Đăng', 39.6),
(399, 33, 'Cư Né', 27.35),
(400, 33, 'Chư Kbô', 13.58),
(401, 33, 'Cư Pơng', 14.66),
(402, 33, 'Ea Sin', 5.93),
(403, 33, 'Pơng Drang', 2.66),
(404, 33, 'Tân Lập', 13.54),
(405, 33, 'Ea Ngai', 2.9),
(406, 34, 'Krông Năng', 29.65),
(407, 34, 'Đliê Ya', 9.51),
(408, 34, 'Ea Tóh', 37.45),
(409, 34, 'Ea Tam', 13.42),
(410, 34, 'Phú Lộc', 28.21),
(411, 34, 'Tam Giang', 17.44),
(412, 34, 'Ea Puk', 17.63),
(413, 34, 'Ea Dăh', 14.13),
(414, 34, 'Ea Hồ', 4.67),
(415, 34, 'Phú Xuân', 6.64),
(416, 34, 'Cư Klông', 14.47),
(417, 34, 'Ea Tân', 15.17),
(418, 35, 'Ea Kar', 8.02),
(419, 35, 'Ea Knốp', 7.12),
(420, 35, 'Ea Sô', 9.16),
(421, 35, 'Ea Sar', 32.1),
(422, 35, 'Xuân Phú', 32.69),
(423, 35, 'Cư Huê', 11.51),
(424, 35, 'Ea Tih', 17.92),
(425, 35, 'Ea Đar', 8.14),
(426, 35, 'Ea Kmút', 33.31),
(427, 35, 'Cư Ni', 31.6),
(428, 35, 'Ea Păl', 40.83),
(429, 35, 'Cư Prông', 31.35),
(430, 35, 'Ea Ô', 19.94),
(431, 35, 'Cư Elang', 5.35),
(432, 35, 'Cư Bông', 9.04),
(433, 35, 'Cư Jang', 37.38),
(434, 36, 'M\'đrắk', 21.54),
(435, 36, 'Cư Prao', 10.78),
(436, 36, 'Ea Pil', 14.87),
(437, 36, 'Ea Lai', 35.73),
(438, 36, 'Ea H\'mlay', 20.69),
(439, 36, 'Krông Jing', 3.99),
(440, 36, 'Ea M\' Doal', 3.78),
(441, 36, 'Ea Riêng', 21.04),
(442, 36, 'Cư M\'ta', 39.77),
(443, 36, 'Cư K Róa', 16.4),
(444, 36, 'Krông Á', 27.07),
(445, 36, 'Cư San', 32.22),
(446, 36, 'Ea Trang', 4.36),
(447, 37, 'Krông Kmar', 8.46),
(448, 37, 'Dang Kang', 20.88),
(449, 37, 'Cư Kty', 3.53),
(450, 37, 'Hòa Thành', 18.26),
(451, 37, 'Hòa Tân', 21.21),
(452, 37, 'Hòa Phong', 16.14),
(453, 37, 'Hòa Lễ', 4.61),
(454, 37, 'Yang Reh', 34.2),
(455, 37, 'Ea Trul', 18.48),
(456, 37, 'Khuê Ngọc Điền', 6),
(457, 37, 'Cư Pui', 21.75),
(458, 37, 'Hòa Sơn', 29.27),
(459, 37, 'Cư Drăm', 13.42),
(460, 37, 'Yang Mao', 38.73),
(461, 38, 'Phước An', 36.62),
(462, 38, 'Krông Búk', 6.38),
(463, 38, 'Ea Kly', 3.98),
(464, 38, 'Ea Kênh', 37.83),
(465, 38, 'Ea Phê', 36.8),
(466, 38, 'Ea Knuec', 20.8),
(467, 38, 'Ea Yông', 29.36),
(468, 38, 'Hòa An', 14.47),
(469, 38, 'Ea Kuăng', 32.15),
(470, 38, 'Hoà Đông', 32.65),
(471, 38, 'Ea Hiu', 18.45),
(472, 38, 'Hòa Tiến', 18.16),
(473, 38, 'Tân Tiến', 27.81),
(474, 38, 'Vụ Bổn', 29.59),
(475, 38, 'Ea Uy', 7.43),
(476, 38, 'Ea Yiêng', 14.32),
(477, 39, 'Buôn Trấp', 31),
(478, 39, 'Dray Sáp', 40.25),
(479, 39, 'Ea Na', 27.79),
(480, 39, 'Ea Bông', 37.73),
(481, 39, 'Băng A Drênh', 33.2),
(482, 39, 'Dur Kmăl', 7.64),
(483, 39, 'Bình Hòa', 2.22),
(484, 39, 'Quảng Điền', 33.46),
(485, 40, 'Liên Sơn', 39.43),
(486, 40, 'Yang Tao', 39.34),
(487, 40, 'Bông Krang', 40.5),
(488, 40, 'Đắk Liêng', 22.42),
(489, 40, 'Buôn Triết', 34.29),
(490, 40, 'Buôn Tría', 17.06),
(491, 40, 'Đắk Phơi', 34.68),
(492, 40, 'Đắk Nuê', 37.94),
(493, 40, 'Krông Nô', 28.05),
(494, 40, 'Nam Ka', 31.39),
(495, 40, 'Ea R\'bin', 10.19),
(496, 41, 'Ea Ning', 19.07),
(497, 41, 'Cư Ê Wi', 2.86),
(498, 41, 'Ea Ktur', 29.49),
(499, 41, 'Ea Tiêu', 10.71),
(500, 41, 'Ea Bhốk', 18.24),
(501, 41, 'Ea Hu', 34.81),
(502, 41, 'Dray Bhăng', 36.72),
(503, 41, 'Hòa Hiệp', 12.35),
(504, 42, 'Nghĩa Đức', 40.16),
(505, 42, 'Nghĩa Thành', 36.09),
(506, 42, 'Nghĩa Phú', 5.56),
(507, 42, 'Nghĩa Tân', 21.13),
(508, 42, 'Nghĩa Trung', 3.49),
(509, 42, 'Đắk R\'moan', 4.09),
(510, 42, 'Quảng Thành', 11.77),
(511, 42, 'Đắk Nia', 22.1),
(512, 43, 'Quảng Sơn', 8.71),
(513, 43, 'Quảng Hoà', 12.77),
(514, 43, 'Đắk Ha', 30.14),
(515, 43, 'Đắk R\'măng', 5.77),
(516, 43, 'Quảng Khê', 21.88),
(517, 43, 'Đắk Plao', 2.92),
(518, 43, 'Đắk Som', 23.21),
(519, 44, 'Ea T\'ling', 37.6),
(520, 44, 'Đắk Wil', 29.57),
(521, 44, 'Ea Pô', 32.88),
(522, 44, 'Nam Dong', 13.89),
(523, 44, 'Đắk Drông', 11.97),
(524, 44, 'Tâm Thắng', 16.28),
(525, 44, 'Cư Knia', 6.58),
(526, 44, 'Trúc Sơn', 5.81),
(527, 45, 'Đắk Mil', 32.66),
(528, 45, 'Đắk Lao', 6.13),
(529, 45, 'Đắk R\'la', 2.78),
(530, 45, 'Đắk Gằn', 4.96),
(531, 45, 'Đức Mạnh', 23.04),
(532, 45, 'Đắk N\'drót', 39.81),
(533, 45, 'Long Sơn', 18.87),
(534, 45, 'Đắk Sắk', 12.86),
(535, 45, 'Thuận An', 28.96),
(536, 45, 'Đức Minh', 2.7),
(537, 46, 'Đắk Mâm', 8.73),
(538, 46, 'Đắk Sôr', 30.4),
(539, 46, 'Nam Xuân', 28.31),
(540, 46, 'Buôn Choah', 8.45),
(541, 46, 'Nam Đà', 29.93),
(542, 46, 'Tân Thành', 40.39),
(543, 46, 'Đắk Drô', 39.94),
(544, 46, 'Nâm Nung', 23.49),
(545, 46, 'Đức Xuyên', 29.04),
(546, 46, 'Đắk Nang', 20.81),
(547, 46, 'Quảng Phú', 26.86),
(548, 46, 'Nâm N\'đir', 20.13),
(549, 47, 'Đức An', 8.44),
(550, 47, 'Đắk Môl', 28.26),
(551, 47, 'Đắk Hoà', 13),
(552, 47, 'Nam Bình', 4.06),
(553, 47, 'Thuận Hà', 8.22),
(554, 47, 'Thuận Hạnh', 14.44),
(555, 47, 'Đắk Rung', 8.44),
(556, 47, 'Nâm N\'jang', 5.37),
(557, 47, 'Trường Xuân', 21.17),
(558, 48, 'Kiến Đức', 37.35),
(559, 48, 'Quảng Tín', 16.17),
(560, 48, 'Đắk Wer', 29.32),
(561, 48, 'Nhân Cơ', 17.09),
(562, 48, 'Kiến Thành', 39.4),
(563, 48, 'Nghĩa Thắng', 28.3),
(564, 48, 'Đạo Nghĩa', 17.65),
(565, 48, 'Đắk Sin', 16.65),
(566, 48, 'Hưng Bình', 34.34),
(567, 48, 'Đắk Ru', 25.48),
(568, 48, 'Nhân Đạo', 3.07),
(569, 49, 'Quảng Trực', 38.59),
(570, 49, 'Đắk Búk So', 39.64),
(571, 49, 'Quảng Tâm', 25.35),
(572, 49, 'Đắk R\'tíh', 14.76),
(573, 49, 'Đắk Ngo', 27.68),
(574, 49, 'Quảng Tân', 13.92),
(575, 50, 'Xuân Thọ', 5.14),
(576, 50, 'Tà Nung', 8.27),
(577, 50, 'Trạm Hành', 2.35),
(578, 50, 'Xuân Trường', 37.67),
(579, 51, 'Lộc Phát', 3.57),
(580, 51, 'Lộc Tiến', 4.18),
(581, 51, 'B\'lao', 6.73),
(582, 51, 'Lộc Sơn', 36.21),
(583, 51, 'Đạm Bri', 9.15),
(584, 51, 'Lộc Thanh', 27.96),
(585, 51, 'Lộc Nga', 4.03),
(586, 51, 'Lộc Châu', 33.08),
(587, 51, 'Đại Lào', 22.16),
(588, 52, 'Đạ Tông', 11.73),
(589, 52, 'Đạ Long', 24.44),
(590, 52, 'Đạ M\'rong (Đam Rong)', 5.68),
(591, 52, 'Liêng S\'roin', 11.99),
(592, 52, 'Đạ Rsal', 9.8),
(593, 52, 'Rô Men', 23.47),
(594, 52, 'Phi Liêng', 18.56),
(595, 52, 'Đạ Knàng', 18.17),
(596, 53, 'Lạc Dương', 40.15),
(597, 53, 'Đạ Chais', 39.55),
(598, 53, 'Đa Nhim', 22.36),
(599, 53, 'Đưng Knớ', 6.55),
(600, 53, 'Lát', 24.86),
(601, 53, 'Đạ Sar', 3.2),
(602, 54, 'Nam Ban', 32.08),
(603, 54, 'Đinh Văn', 35.52),
(604, 54, 'Phú Sơn', 14.64),
(605, 54, 'Phi Tô', 35.64),
(606, 54, 'Mê Linh', 31.03),
(607, 54, 'Đạ Đờn', 4.87),
(608, 54, 'Phúc Thọ', 17.02),
(609, 54, 'Đông Thanh', 19.75),
(610, 54, 'Gia Lâm', 16.92),
(611, 54, 'Tân Thanh', 11.14),
(612, 54, 'Tân Văn', 9.98),
(613, 54, 'Hoài Đức', 10.82),
(614, 54, 'Tân Hà', 35.8),
(615, 54, 'Liên Hà', 12.33),
(616, 54, 'Đan Phượng', 23.41),
(617, 54, 'Nam Hà', 13.99),
(618, 55, 'D\'ran', 16.96),
(619, 55, 'Thạnh Mỹ', 17.78),
(620, 55, 'Lạc Xuân', 18.71),
(621, 55, 'Đạ Ròn', 27.06),
(622, 55, 'Lạc Lâm', 24.56),
(623, 55, 'Ka Đô', 34.65),
(624, 55, 'Quảng Lập', 20.93),
(625, 55, 'Ka Đơn (Deune)', 13.29),
(626, 55, 'Tu Tra', 34.05),
(627, 55, 'Pró', 15.18),
(628, 56, 'Liên Nghĩa', 10.05),
(629, 56, 'Hiệp An', 9.65),
(630, 56, 'Liên Hiệp', 12),
(631, 56, 'Hiệp Thạnh', 3.43),
(632, 56, 'Bình Thạnh', 8.71),
(633, 56, 'N\'thol Hạ', 4.39),
(634, 56, 'Tân Hội', 14.51),
(635, 56, 'Tân Thành', 4.62),
(636, 56, 'Phú Hội', 40.98),
(637, 56, 'Ninh Gia', 35.77),
(638, 56, 'Tà Năng', 16.6),
(639, 56, 'Đa Quyn', 6.42),
(640, 56, 'Tà Hine', 8.1),
(641, 56, 'Đà Loan', 10.95),
(642, 56, 'Ninh Loan', 29.32),
(643, 57, 'Di Linh', 16.64),
(644, 57, 'Đinh Trang Thượng', 38.26),
(645, 57, 'Tân Thượng', 31.74),
(646, 57, 'Tân Lâm', 19.72),
(647, 57, 'Tân Châu', 12.33),
(648, 57, 'Tân Nghĩa', 28.54),
(649, 57, 'Gia Hiệp', 13.71),
(650, 57, 'Đinh Lạc', 9.21),
(651, 57, 'Tam Bố', 15.29),
(652, 57, 'Đinh Trang Hòa', 13.3),
(653, 57, 'Liên Đầm', 15.62),
(654, 57, 'Gung Ré', 4.54),
(655, 57, 'Bảo Thuận', 10.26),
(656, 57, 'Hòa Ninh', 24.35),
(657, 57, 'Hòa Trung', 2.44),
(658, 57, 'Hòa Nam', 28.64),
(659, 57, 'Hòa Bắc', 3.69),
(660, 57, 'Sơn Điền', 12.44),
(661, 57, 'Gia Bắc', 19.53),
(662, 58, 'Lộc Thắng', 7.27),
(663, 58, 'Lộc Bảo', 37.96),
(664, 58, 'Lộc Lâm', 40.32),
(665, 58, 'Lộc Phú', 21.09),
(666, 58, 'Lộc Bắc', 9.46),
(667, 58, 'B\' Lá', 27.57),
(668, 58, 'Lộc Ngãi', 39.88),
(669, 58, 'Lộc Quảng', 28.16),
(670, 58, 'Lộc Tân', 13.1),
(671, 58, 'Lộc Đức', 40.64),
(672, 58, 'Lộc An', 16.27),
(673, 58, 'Tân Lạc', 31.44),
(674, 58, 'Lộc Thành', 17.09),
(675, 58, 'Lộc Nam', 8.23),
(676, 59, 'Đạ M\'ri', 25.9),
(677, 59, 'Ma Đa Guôi', 18.93),
(678, 59, 'Đạ M\'ri', 12.85),
(679, 59, 'Hà Lâm', 26.2),
(680, 59, 'Đạ Tồn', 23.25),
(681, 59, 'Đạ Oai', 32.91),
(682, 59, 'Đạ Ploa', 16.41),
(683, 59, 'Ma Đa Guôi', 13.91),
(684, 59, 'Đoàn Kết', 37.05),
(685, 59, 'Phước Lộc', 11.34),
(686, 60, 'Đạ Tẻh', 20.01),
(687, 60, 'An Nhơn', 33.46),
(688, 60, 'Quốc Oai', 3.95),
(689, 60, 'Mỹ Đức', 24.23),
(690, 60, 'Quảng Trị', 36.79),
(691, 60, 'Đạ Lây', 11.56),
(692, 60, 'Hương Lâm', 15.7),
(693, 60, 'Triệu Hải', 31.73),
(694, 60, 'Hà Đông', 32.99),
(695, 60, 'Đạ Kho', 25.24),
(696, 60, 'Đạ Pal', 39.34),
(697, 61, 'Đồng Nai', 15.1),
(698, 61, 'Tiên Hoàng', 4.72),
(699, 61, 'Phước Cát 2', 8.43),
(700, 61, 'Gia Viễn', 32.81),
(701, 61, 'Nam Ninh', 9.81),
(702, 61, 'Mỹ Lâm', 4.03),
(703, 61, 'Tư Nghĩa', 18.31),
(704, 61, 'Phước Cát 1', 12.76),
(705, 61, 'Đức Phổ', 40.86),
(706, 61, 'Phù Mỹ', 25.62),
(707, 61, 'Quảng Ngãi', 12.99),
(708, 61, 'Đồng Nai Thượng', 11.7);

-- --------------------------------------------------------

--
-- Cấu trúc bảng cho bảng `district`
--

CREATE TABLE `district` (
  `id` int(11) NOT NULL,
  `province_id` int(11) NOT NULL,
  `name` varchar(30) COLLATE utf8_unicode_ci NOT NULL
) ENGINE=InnoDB DEFAULT CHARSET=utf8 COLLATE=utf8_unicode_ci;

--
-- Đang đổ dữ liệu cho bảng `district`
--

INSERT INTO `district` (`id`, `province_id`, `name`) VALUES
(1, 1, 'Kon Tum'),
(2, 1, 'Đắk Glei'),
(3, 1, 'Ngọc Hồi'),
(4, 1, 'Đắk Tô'),
(5, 1, 'Kon Plông'),
(6, 1, 'Kon Rẫy'),
(7, 1, 'Đắk Hà'),
(8, 1, 'Sa Thầy'),
(9, 1, 'Tu Mơ Rông'),
(10, 2, 'Pleiku'),
(11, 2, 'An Khê'),
(12, 2, 'Ayun Pa'),
(13, 2, 'Kbang'),
(14, 2, 'Đăk Đoa'),
(15, 2, 'Chư Păh'),
(16, 2, 'Ia Grai'),
(17, 2, 'Mang Yang'),
(18, 2, 'Kông Chro'),
(19, 2, 'Đức Cơ'),
(20, 2, 'Chư Prông'),
(21, 2, 'Chư Sê'),
(22, 2, 'Đăk Pơ'),
(23, 2, 'Ia Pa'),
(24, 2, 'Krông Pa'),
(25, 2, 'Phú Thiện'),
(26, 2, 'Chư Pưh'),
(27, 3, 'Buôn Ma Thuột'),
(28, 3, 'Buôn Hồ'),
(29, 3, 'Ea H\'leo'),
(30, 3, 'Ea Súp'),
(31, 3, 'Buôn Đôn'),
(32, 3, 'Cư M\'gar'),
(33, 3, 'Krông Búk'),
(34, 3, 'Krông Năng'),
(35, 3, 'Ea Kar'),
(36, 3, 'M\'đrắk'),
(37, 3, 'Krông Bông'),
(38, 3, 'Krông Pắc'),
(39, 3, 'Krông A Na'),
(40, 3, 'Lắk'),
(41, 3, 'Cư Kuin'),
(42, 4, 'Gia Nghĩa'),
(43, 4, 'Đắk Glong'),
(44, 4, 'Cư Jút'),
(45, 4, 'Đắk Mil'),
(46, 4, 'Krông Nô'),
(47, 4, 'Đắk Song'),
(48, 4, 'Đắk R\'lấp'),
(49, 4, 'Tuy Đức'),
(50, 5, 'Đà Lạt'),
(51, 5, 'Bảo Lộc'),
(52, 5, 'Đam Rông'),
(53, 5, 'Lạc Dương'),
(54, 5, 'Lâm Hà'),
(55, 5, 'Đơn Dương'),
(56, 5, 'Đức Trọng'),
(57, 5, 'Di Linh'),
(58, 5, 'Bảo Lâm'),
(59, 5, 'Đạ Huoai'),
(60, 5, 'Đạ Tẻh'),
(61, 5, 'Cát Tiên');

-- --------------------------------------------------------

--
-- Cấu trúc bảng cho bảng `point`
--

CREATE TABLE `point` (
  `id` int(11) NOT NULL,
  `polygon_id` int(11) NOT NULL,
  `longs` double NOT NULL,
  `lats` double NOT NULL
) ENGINE=InnoDB DEFAULT CHARSET=utf8 COLLATE=utf8_unicode_ci;

--
-- Đang đổ dữ liệu cho bảng `point`
--

INSERT INTO `point` (`id`, `polygon_id`, `longs`, `lats`) VALUES
(1, 1, 107.9860458374, 14.389535903931),
(2, 1, 107.98648834228, 14.389373779297),
(3, 1, 107.98669433594, 14.389310836792),
(4, 1, 107.9868850708, 14.389301300049),
(5, 1, 107.98723602295, 14.389375686646),
(6, 1, 107.98735046387, 14.389344215393),
(7, 1, 107.98740386963, 14.38927936554),
(8, 1, 107.98738861084, 14.389184951782),
(9, 1, 107.98733520508, 14.389052391052),
(10, 1, 107.98731994629, 14.3889503479),
(11, 1, 107.98738098144, 14.388875961304),
(12, 1, 107.9875869751, 14.388809204102),
(13, 1, 107.98774719238, 14.388784408569),
(14, 1, 107.98788452148, 14.38881778717),
(15, 1, 107.98803710938, 14.388827323914),
(16, 1, 107.98815155029, 14.388772964477),
(17, 1, 107.98826599121, 14.388622283936),
(18, 1, 107.98831939697, 14.38844871521),
(19, 1, 107.98838043213, 14.388318061829),
(20, 1, 107.98845672607, 14.388275146484),
(21, 1, 107.98864746094, 14.388199806213),
(22, 1, 107.98881530762, 14.388199806213),
(23, 1, 107.98907470703, 14.388388633728),
(24, 1, 107.98947906494, 14.388374328613),
(25, 1, 107.99025726318, 14.388287544251),
(26, 1, 107.99054718018, 14.388039588928),
(27, 1, 107.99063873291, 14.387970924377),
(28, 1, 107.99085998535, 14.387846946716),
(29, 1, 107.99105072022, 14.387766838074),
(30, 1, 107.99150085449, 14.387632369995),
(31, 1, 107.99185180664, 14.387437820435),
(32, 1, 107.9921875, 14.387372970581),
(33, 1, 107.99300384522, 14.387330055237),
(34, 1, 107.99379730225, 14.387125968933),
(35, 1, 107.99492645264, 14.386801719666),
(36, 1, 107.99729156494, 14.385552406311),
(37, 1, 107.99828338623, 14.385107040405),
(38, 1, 107.99907684326, 14.384917259216),
(39, 1, 107.99973297119, 14.384919166565),
(40, 1, 108.00045776367, 14.385141372681),
(41, 1, 108.00080871582, 14.385039329529),
(42, 1, 108.00095367432, 14.384803771973),
(43, 1, 108.00099182129, 14.384610176086),
(44, 1, 108.00152587891, 14.381332397461),
(45, 1, 108.00179290772, 14.380058288574),
(46, 1, 108.00175476074, 14.379849433899),
(47, 1, 108.00160980225, 14.379570960998),
(48, 1, 108.00132751465, 14.379137039185),
(49, 1, 108.0016784668, 14.379196166992),
(50, 1, 108.00219726562, 14.379501342773),
(51, 1, 108.00413513184, 14.380884170532),
(52, 1, 108.00489807129, 14.381295204163),
(53, 1, 108.00549316406, 14.381488800049),
(54, 1, 108.00691986084, 14.381873130798),
(55, 1, 108.00812530518, 14.382048606873),
(56, 1, 108.00960540772, 14.382070541382),
(57, 1, 108.00959014893, 14.381401062012),
(58, 1, 108.00941467285, 14.380851745606),
(59, 1, 108.00920104981, 14.3798828125),
(60, 1, 108.00910949707, 14.379341125488),
(61, 1, 108.00902557373, 14.377992630005),
(62, 1, 108.0089263916, 14.37674331665),
(63, 1, 108.00890350342, 14.375782012939),
(64, 1, 108.008934021, 14.375426292419),
(65, 1, 108.00884246826, 14.374435424805),
(66, 1, 108.00876617432, 14.373378753662),
(67, 1, 108.00873565674, 14.372017860413),
(68, 1, 108.00869750977, 14.370892524719),
(69, 1, 108.008644104, 14.370107650757),
(70, 1, 108.00861358643, 14.369737625122),
(71, 1, 108.00860595703, 14.368547439575),
(72, 1, 108.00860595703, 14.367707252502),
(73, 1, 108.00867462158, 14.366412162781),
(74, 1, 108.00871276856, 14.365552902222),
(75, 1, 108.00871276856, 14.364301681519),
(76, 1, 108.00994873047, 14.364248275757),
(77, 1, 108.00960540772, 14.362337112427),
(78, 1, 108.00868988037, 14.362313270569),
(79, 1, 108.00787353516, 14.362259864807),
(80, 1, 108.00731658935, 14.362233161926),
(81, 1, 108.00595092773, 14.362198829651),
(82, 1, 108.00336456299, 14.362181663513),
(83, 1, 108.00186157227, 14.362177848816),
(84, 1, 108.00110626221, 14.362169265747),
(85, 1, 107.99987792969, 14.362167358398),
(86, 1, 107.99983215332, 14.362513542175),
(87, 1, 107.99975585938, 14.362812995911),
(88, 1, 107.99965667725, 14.363024711609),
(89, 1, 107.99912261963, 14.363542556763),
(90, 1, 107.99682617188, 14.365661621094),
(91, 1, 107.99500274658, 14.367362976074),
(92, 1, 107.99404907227, 14.368187904358),
(93, 1, 107.99072265625, 14.371311187744),
(94, 1, 107.98839569092, 14.373477935791),
(95, 1, 107.98783874512, 14.37401676178),
(96, 1, 107.98548126221, 14.376215934753),
(97, 1, 107.98449707031, 14.377101898193),
(98, 1, 107.98138427734, 14.380033493042),
(99, 1, 107.98152160644, 14.38031578064),
(100, 1, 107.98182678223, 14.380635261536),
(101, 1, 107.9821395874, 14.380895614624),
(102, 1, 107.98229980469, 14.381130218506),
(103, 1, 107.98231506348, 14.381258010864),
(104, 1, 107.98220062256, 14.381449699402),
(105, 1, 107.98181152344, 14.381683349609),
(106, 1, 107.98164367676, 14.381870269775),
(107, 1, 107.981590271, 14.382072448731),
(108, 1, 107.98168182373, 14.382247924805),
(109, 1, 107.98205566406, 14.382684707642),
(110, 1, 107.98219299316, 14.382876396179),
(111, 1, 107.98231506348, 14.383211135864),
(112, 1, 107.98237609863, 14.383732795715),
(113, 1, 107.98255157471, 14.384159088135),
(114, 1, 107.98265838623, 14.384318351746),
(115, 1, 107.98272705078, 14.384462356567),
(116, 1, 107.98271179199, 14.384574890137),
(117, 1, 107.98267364502, 14.384650230408),
(118, 1, 107.98246002197, 14.384755134582),
(119, 1, 107.98236083984, 14.384837150574),
(120, 1, 107.98236846924, 14.384958267212),
(121, 1, 107.98244476318, 14.385102272034),
(122, 1, 107.98265838623, 14.385308265686),
(123, 1, 107.98282623291, 14.38537979126),
(124, 1, 107.98289489746, 14.385419845581),
(125, 1, 107.98297119141, 14.385523796082),
(126, 1, 107.98301696777, 14.38560295105),
(127, 1, 107.98307800293, 14.38561630249),
(128, 1, 107.98315429688, 14.385619163513),
(129, 1, 107.98329925537, 14.385432243347),
(130, 1, 107.98349761963, 14.385406494141),
(131, 1, 107.98370361328, 14.385498046875),
(132, 1, 107.98387908935, 14.385648727417),
(133, 1, 107.98394775391, 14.385714530945),
(134, 1, 107.98400115967, 14.385786056519),
(135, 1, 107.98398590088, 14.385870933533),
(136, 1, 107.98392486572, 14.385966300964),
(137, 1, 107.98384094238, 14.386002540588),
(138, 1, 107.9836730957, 14.386025428772),
(139, 1, 107.98346710205, 14.386008262634),
(140, 1, 107.98327636719, 14.385956764221),
(141, 1, 107.98316192627, 14.386008262634),
(142, 1, 107.98314666748, 14.386142730713),
(143, 1, 107.98315429688, 14.386316299438),
(144, 1, 107.98308563232, 14.38644695282),
(145, 1, 107.98303985596, 14.386601448059),
(146, 1, 107.98305511475, 14.386771202087),
(147, 1, 107.98316192627, 14.387013435364),
(148, 1, 107.98328399658, 14.387088775635),
(149, 1, 107.98348999023, 14.387072563171),
(150, 1, 107.98400115967, 14.386987686157),
(151, 1, 107.98415374756, 14.387006759644),
(152, 1, 107.98427581787, 14.387138366699),
(153, 1, 107.98450469971, 14.387501716614),
(154, 1, 107.98455047607, 14.387619018555),
(155, 1, 107.98455810547, 14.38777256012),
(156, 1, 107.9845199585, 14.387904167175),
(157, 1, 107.98450469971, 14.38806438446),
(158, 1, 107.98455810547, 14.388227462769),
(159, 1, 107.98469543457, 14.3883228302),
(160, 1, 107.98482513428, 14.38837146759),
(161, 1, 107.98503112793, 14.388355255127),
(162, 1, 107.98519134522, 14.388271331787),
(163, 1, 107.98526763916, 14.388203620911),
(164, 1, 107.98541259766, 14.388165473938),
(165, 1, 107.98552703857, 14.38822555542),
(166, 1, 107.98558044434, 14.38830280304),
(167, 1, 107.98580932617, 14.38894367218),
(168, 1, 107.98583221435, 14.389090538025),
(169, 1, 107.98582458496, 14.389365196228),
(170, 1, 107.98585510254, 14.389459609985),
(171, 1, 107.98593902588, 14.389537811279),
(172, 1, 107.9860458374, 14.389535903931),
(173, 2, 107.99404907227, 14.368187904358),
(174, 2, 107.99500274658, 14.367362976074),
(175, 2, 107.99682617188, 14.365661621094),
(176, 2, 107.99912261963, 14.363542556763),
(177, 2, 107.99965667725, 14.363024711609),
(178, 2, 107.99975585938, 14.362812995911),
(179, 2, 107.99983215332, 14.362513542175),
(180, 2, 107.99987792969, 14.362167358398),
(181, 2, 108.00595092773, 14.362198829651),
(182, 2, 108.00731658935, 14.362233161926),
(183, 2, 108.00868988037, 14.362313270569),
(184, 2, 108.00960540772, 14.362337112427),
(185, 2, 108.00939178467, 14.361620903015),
(186, 2, 108.0087890625, 14.359803199768),
(187, 2, 108.00868988037, 14.359421730042),
(188, 2, 108.0078048706, 14.356706619263),
(189, 2, 108.00738525391, 14.355325698852),
(190, 2, 108.00722503662, 14.355008125305),
(191, 2, 108.00690460205, 14.355038642883),
(192, 2, 108.00373840332, 14.355084419251),
(193, 2, 108.00290679932, 14.355084419251),
(194, 2, 108.00166320801, 14.355100631714),
(195, 2, 107.99935913086, 14.355101585388),
(196, 2, 107.99613189697, 14.355073928833),
(197, 2, 107.99635314941, 14.354869842529),
(198, 2, 107.99665832519, 14.354614257812),
(199, 2, 107.9970626831, 14.354226112366),
(200, 2, 107.99767303467, 14.353577613831),
(201, 2, 107.99782562256, 14.353373527527),
(202, 2, 107.99839782715, 14.35246181488),
(203, 2, 107.99795532227, 14.352278709412),
(204, 2, 107.99763488769, 14.352130889893),
(205, 2, 107.99728393555, 14.351988792419),
(206, 2, 107.99765014648, 14.348645210266),
(207, 2, 107.99552154541, 14.347673416138),
(208, 2, 107.99639129639, 14.346585273743),
(209, 2, 107.99179840088, 14.343594551086),
(210, 2, 107.99098968506, 14.343495368957),
(211, 2, 107.99079895019, 14.341863632202),
(212, 2, 107.99027252197, 14.341972351074),
(213, 2, 107.98979187012, 14.342113494873),
(214, 2, 107.98922729492, 14.342352867127),
(215, 2, 107.98854064941, 14.343012809753),
(216, 2, 107.98781585693, 14.34440612793),
(217, 2, 107.98738861084, 14.345930099487),
(218, 2, 107.98727416992, 14.34752368927),
(219, 2, 107.98797607422, 14.34840965271),
(220, 2, 107.98889160156, 14.349687576294),
(221, 2, 107.98983001709, 14.350505828857),
(222, 2, 107.99017333984, 14.350966453552),
(223, 2, 107.99044799805, 14.351511955261),
(224, 2, 107.99032592773, 14.354467391968),
(225, 2, 107.99025726318, 14.355469703674),
(226, 2, 107.99012756348, 14.355893135071),
(227, 2, 107.98932647705, 14.356241226196),
(228, 2, 107.98933410644, 14.356645584106),
(229, 2, 107.98928833008, 14.357126235962),
(230, 2, 107.9889831543, 14.357813835144),
(231, 2, 107.98893737793, 14.357990264893),
(232, 2, 107.98893737793, 14.358146667481),
(233, 2, 107.98912811279, 14.358562469482),
(234, 2, 107.98912811279, 14.358665466309),
(235, 2, 107.98906707764, 14.358755111694),
(236, 2, 107.98892974853, 14.358867645264),
(237, 2, 107.98879241943, 14.359015464783),
(238, 2, 107.98873138428, 14.359120368957),
(239, 2, 107.98865509033, 14.359331130981),
(240, 2, 107.98837280273, 14.359844207764),
(241, 2, 107.98805236816, 14.360381126404),
(242, 2, 107.98802185059, 14.360467910767),
(243, 2, 107.98802947998, 14.360529899597),
(244, 2, 107.98806762695, 14.360571861267),
(245, 2, 107.98815155029, 14.360601425171),
(246, 2, 107.98817443848, 14.36062335968),
(247, 2, 107.98815917969, 14.360694885254),
(248, 2, 107.98802947998, 14.360967636108),
(249, 2, 107.98789978027, 14.361344337463),
(250, 2, 107.98783111572, 14.361655235291),
(251, 2, 107.98784637451, 14.361783981323),
(252, 2, 107.98789215088, 14.361886978149),
(253, 2, 107.98803710938, 14.361973762512),
(254, 2, 107.98825073242, 14.362030982971),
(255, 2, 107.98848724365, 14.362022399902),
(256, 2, 107.98854827881, 14.362041473389),
(257, 2, 107.98857879639, 14.362102508545),
(258, 2, 107.98857116699, 14.36252784729),
(259, 2, 107.98861694336, 14.362674713135),
(260, 2, 107.98873901367, 14.362839698792),
(261, 2, 107.98873138428, 14.362905502319),
(262, 2, 107.98844909668, 14.363149642944),
(263, 2, 107.98836517334, 14.363258361816),
(264, 2, 107.98834228516, 14.363349914551),
(265, 2, 107.98835754394, 14.363409996033),
(266, 2, 107.98840332031, 14.363453865051),
(267, 2, 107.98851013184, 14.363498687744),
(268, 2, 107.98857879639, 14.363554000854),
(269, 2, 107.98858642578, 14.363636016846),
(270, 2, 107.98846435547, 14.36390209198),
(271, 2, 107.98843383789, 14.364005088806),
(272, 2, 107.98844146728, 14.36417388916),
(273, 2, 107.98850250244, 14.364592552185),
(274, 2, 107.98848724365, 14.36480140686),
(275, 2, 107.98844146728, 14.365045547485),
(276, 2, 107.9884262085, 14.36519241333),
(277, 2, 107.98844909668, 14.365357398987),
(278, 2, 107.98873138428, 14.366156578064),
(279, 2, 107.98878479004, 14.36639213562),
(280, 2, 107.98899078369, 14.366678237915),
(281, 2, 107.98900604248, 14.366851806641),
(282, 2, 107.98899078369, 14.366946220398),
(283, 2, 107.98895263672, 14.36701965332),
(284, 2, 107.98888397217, 14.367062568665),
(285, 2, 107.98872375488, 14.367113113403),
(286, 2, 107.98865509033, 14.367177009582),
(287, 2, 107.98863220215, 14.367268562317),
(288, 2, 107.98864746094, 14.36733341217),
(289, 2, 107.98870849609, 14.367406845093),
(290, 2, 107.98880767822, 14.367565155029),
(291, 2, 107.98886871338, 14.367641448975),
(292, 2, 107.9889755249, 14.367670059204),
(293, 2, 107.98923492432, 14.367692947388),
(294, 2, 107.98928833008, 14.367737770081),
(295, 2, 107.98928070068, 14.367810249329),
(296, 2, 107.98918914795, 14.367935180664),
(297, 2, 107.98920440674, 14.367995262146),
(298, 2, 107.9892578125, 14.36803817749),
(299, 2, 107.98935699463, 14.368050575256),
(300, 2, 107.98948669434, 14.368085861206),
(301, 2, 107.98959350586, 14.368461608887),
(302, 2, 107.98955535889, 14.368564605713),
(303, 2, 107.98956298828, 14.368626594543),
(304, 2, 107.98962402344, 14.368657112122),
(305, 2, 107.98974609375, 14.368657112122),
(306, 2, 107.98984527588, 14.368685722351),
(307, 2, 107.98985290527, 14.36878490448),
(308, 2, 107.9898147583, 14.368955612183),
(309, 2, 107.98984527588, 14.369091033936),
(310, 2, 107.98984527588, 14.369154930115),
(311, 2, 107.98965454102, 14.369361877441),
(312, 2, 107.98957061768, 14.369523048401),
(313, 2, 107.98952484131, 14.369705200195),
(314, 2, 107.9895401001, 14.369849205017),
(315, 2, 107.98963165283, 14.369960784912),
(316, 2, 107.98972320557, 14.370098114014),
(317, 2, 107.98973846435, 14.370219230652),
(318, 2, 107.98970794678, 14.370384216309),
(319, 2, 107.98970794678, 14.3704662323),
(320, 2, 107.98975372315, 14.370530128479),
(321, 2, 107.98986053467, 14.370589256287),
(322, 2, 107.99018096924, 14.370642662048),
(323, 2, 107.99027252197, 14.370754241943),
(324, 2, 107.9903717041, 14.370946884155),
(325, 2, 107.99041748047, 14.371012687683),
(326, 2, 107.99072265625, 14.371311187744),
(327, 2, 107.99404907227, 14.368187904358),
(328, 3, 108.00092315674, 14.355098724365),
(329, 3, 108.00166320801, 14.355100631714),
(330, 3, 108.00290679932, 14.355084419251),
(331, 3, 108.00373840332, 14.355084419251),
(332, 3, 108.00519561768, 14.355065345764),
(333, 3, 108.00690460205, 14.355038642883),
(334, 3, 108.00722503662, 14.355008125305),
(335, 3, 108.00717926025, 14.354840278626),
(336, 3, 108.00713348389, 14.354604721069),
(337, 3, 108.00705718994, 14.354355812073),
(338, 3, 108.00679016113, 14.353404998779),
(339, 3, 108.00644683838, 14.352300643921),
(340, 3, 108.0053024292, 14.348554611206),
(341, 3, 108.00511169434, 14.347986221313),
(342, 3, 108.00458526611, 14.346335411072),
(343, 3, 108.00434875488, 14.345548629761),
(344, 3, 108.00406646728, 14.345175743103),
(345, 3, 108.00387573242, 14.344785690308),
(346, 3, 108.00339508057, 14.34409236908),
(347, 3, 108.00303649902, 14.343675613403),
(348, 3, 108.00192260742, 14.34280872345),
(349, 3, 108.00158691406, 14.343626976013),
(350, 3, 108.00124359131, 14.344121932983),
(351, 3, 108.000831604, 14.344477653503),
(352, 3, 107.99967956543, 14.344700813293),
(353, 3, 107.99827575684, 14.34485244751),
(354, 3, 107.99723052978, 14.344767570496),
(355, 3, 107.99597930908, 14.344329833984),
(356, 3, 107.99445343018, 14.343398094177),
(357, 3, 107.99243164062, 14.342282295227),
(358, 3, 107.99079895019, 14.341863632202),
(359, 3, 107.99098968506, 14.343495368957),
(360, 3, 107.99179840088, 14.343594551086),
(361, 3, 107.99639129639, 14.346585273743),
(362, 3, 107.99552154541, 14.347673416138),
(363, 3, 107.99765014648, 14.348645210266),
(364, 3, 107.99728393555, 14.351988792419),
(365, 3, 107.99763488769, 14.352130889893),
(366, 3, 107.99795532227, 14.352278709412),
(367, 3, 107.99839782715, 14.35246181488),
(368, 3, 107.99782562256, 14.353373527527),
(369, 3, 107.99767303467, 14.353577613831),
(370, 3, 107.9970626831, 14.354226112366),
(371, 3, 107.99665832519, 14.354614257812),
(372, 3, 107.99635314941, 14.354869842529),
(373, 3, 107.99613189697, 14.355073928833),
(374, 3, 107.99935913086, 14.355101585388),
(375, 3, 108.00029754639, 14.355103492737),
(376, 3, 108.00092315674, 14.355098724365),
(377, 4, 108.02059173584, 14.38521194458),
(378, 4, 108.02061462402, 14.385127067566),
(379, 4, 108.02062988281, 14.385009765625),
(380, 4, 108.02056884766, 14.384726524353),
(381, 4, 108.02056884766, 14.384582519531),
(382, 4, 108.0206451416, 14.384430885315),
(383, 4, 108.02080535889, 14.38427066803),
(384, 4, 108.02091217041, 14.384249687195),
(385, 4, 108.02099609375, 14.384253501892),
(386, 4, 108.02105712891, 14.384287834168),
(387, 4, 108.02118682861, 14.384434700012),
(388, 4, 108.02124786377, 14.384439468384),
(389, 4, 108.02142333984, 14.384375572205),
(390, 4, 108.02153015137, 14.38435459137),
(391, 4, 108.02165222168, 14.384274482727),
(392, 4, 108.02172088623, 14.384169578552),
(393, 4, 108.02186584473, 14.384081840515),
(394, 4, 108.02202606201, 14.384017944336),
(395, 4, 108.02204895019, 14.383934020996),
(396, 4, 108.02202606201, 14.383689880371),
(397, 4, 108.02204895019, 14.383508682251),
(398, 4, 108.02210998535, 14.383399009705),
(399, 4, 108.02215576172, 14.383191108704),
(400, 4, 108.02227783203, 14.383055686951),
(401, 4, 108.02234649658, 14.383030891418),
(402, 4, 108.022605896, 14.383038520813),
(403, 4, 108.02268218994, 14.382987976074),
(404, 4, 108.02275848389, 14.382865905762),
(405, 4, 108.02278137207, 14.382680892944),
(406, 4, 108.02291870117, 14.382522583008),
(407, 4, 108.02298736572, 14.38240814209),
(408, 4, 108.02299499512, 14.382341384888),
(409, 4, 108.02287292481, 14.382189750671),
(410, 4, 108.02275085449, 14.382113456726),
(411, 4, 108.02264404297, 14.382029533386),
(412, 4, 108.02253723144, 14.38197517395),
(413, 4, 108.02237701416, 14.381848335266),
(414, 4, 108.02233123779, 14.381772994995),
(415, 4, 108.02230834961, 14.381646156311),
(416, 4, 108.02220916748, 14.381482124329),
(417, 4, 108.02213287353, 14.381381034851),
(418, 4, 108.02210998535, 14.381267547607),
(419, 4, 108.02210235596, 14.381119728088),
(420, 4, 108.02222442627, 14.380862236023),
(421, 4, 108.02230072022, 14.380786895752),
(422, 4, 108.02238464356, 14.380722999573),
(423, 4, 108.02254486084, 14.380689620972),
(424, 4, 108.02257537842, 14.380630493164),
(425, 4, 108.022605896, 14.380520820618),
(426, 4, 108.02267456055, 14.380423545837),
(427, 4, 108.02269744873, 14.380301475525),
(428, 4, 108.02275848389, 14.380187034607),
(429, 4, 108.02282714844, 14.380106925964),
(430, 4, 108.02291870117, 14.380039215088),
(431, 4, 108.02302551269, 14.380013465881),
(432, 4, 108.02313995361, 14.380034446716),
(433, 4, 108.02323150635, 14.380004882812),
(434, 4, 108.02333068848, 14.379887580872),
(435, 4, 108.02338409424, 14.379811286926),
(436, 4, 108.02335357666, 14.379642486572),
(437, 4, 108.02337646484, 14.379508018494),
(438, 4, 108.02351379394, 14.379343986511),
(439, 4, 108.02375030518, 14.379091262817),
(440, 4, 108.02394104004, 14.378855705261),
(441, 4, 108.02403259277, 14.378779411316),
(442, 4, 108.02410125732, 14.378779411316),
(443, 4, 108.02421569824, 14.378812789917),
(444, 4, 108.02430725098, 14.378821372986),
(445, 4, 108.0244140625, 14.378800392151),
(446, 4, 108.02452087402, 14.378716468811),
(447, 4, 108.02459716797, 14.378623008728),
(448, 4, 108.02471923828, 14.37856388092),
(449, 4, 108.0249710083, 14.378488540649),
(450, 4, 108.02510070801, 14.378483772278),
(451, 4, 108.02542877197, 14.378609657288),
(452, 4, 108.02559661865, 14.378623008728),
(453, 4, 108.02577972412, 14.378622055054),
(454, 4, 108.02613830566, 14.378437042236),
(455, 4, 108.02645874023, 14.378407478332),
(456, 4, 108.0266494751, 14.378419876099),
(457, 4, 108.02671813965, 14.378478050232),
(458, 4, 108.02700805664, 14.37850856781),
(459, 4, 108.02711486816, 14.378504753113),
(460, 4, 108.02723693848, 14.378445625305),
(461, 4, 108.02738189697, 14.378403663635),
(462, 4, 108.0274887085, 14.378398895264),
(463, 4, 108.02757263184, 14.378344535828),
(464, 4, 108.02769470215, 14.378129005432),
(465, 4, 108.02768707275, 14.377931594849),
(466, 4, 108.02770996094, 14.377766609192),
(467, 4, 108.02780151367, 14.377619743347),
(468, 4, 108.02806854248, 14.377547264099),
(469, 4, 108.02816772461, 14.377542495727),
(470, 4, 108.02821350098, 14.377521514893),
(471, 4, 108.02821350098, 14.37748336792),
(472, 4, 108.02824401856, 14.377411842346),
(473, 4, 108.028465271, 14.377175331116),
(474, 4, 108.02856445312, 14.376973152161),
(475, 4, 108.02878570557, 14.376788139343),
(476, 4, 108.02893829346, 14.376711845398),
(477, 4, 108.0291595459, 14.376631736755),
(478, 4, 108.02927398682, 14.376546859741),
(479, 4, 108.02931976318, 14.37645816803),
(480, 4, 108.02938842773, 14.376381874084),
(481, 4, 108.02938079834, 14.376289367676),
(482, 4, 108.02934265137, 14.376184463501),
(483, 4, 108.02937316894, 14.376057624817),
(484, 4, 108.02941131592, 14.375998497009),
(485, 4, 108.02954101562, 14.37598991394),
(486, 4, 108.02958679199, 14.375893592834),
(487, 4, 108.02958679199, 14.375801086426),
(488, 4, 108.02948760986, 14.375670433044),
(489, 4, 108.02950286865, 14.375570297241),
(490, 4, 108.02953338623, 14.375473976135),
(491, 4, 108.02944946289, 14.375389099121),
(492, 4, 108.02946472168, 14.375279426575),
(493, 4, 108.02937316894, 14.375153541565),
(494, 4, 108.02935791016, 14.374968528748),
(495, 4, 108.02932739258, 14.374803543091),
(496, 4, 108.02922058106, 14.37468624115),
(497, 4, 108.02911376953, 14.37450504303),
(498, 4, 108.02906799316, 14.3743724823),
(499, 4, 108.02903747559, 14.374157905579),
(500, 4, 108.02893066406, 14.374115943909),
(501, 4, 108.02886962891, 14.374014854431),
(502, 4, 108.02867126465, 14.373920440674),
(503, 4, 108.02864837647, 14.373869895935),
(504, 4, 108.02876281738, 14.373629570007),
(505, 4, 108.02874755859, 14.373498916626),
(506, 4, 108.02867126465, 14.373355865478),
(507, 4, 108.02871704102, 14.373204231262),
(508, 4, 108.02886199951, 14.372896194458),
(509, 4, 108.02883148193, 14.372828483582),
(510, 4, 108.02877044678, 14.372816085815),
(511, 4, 108.0285949707, 14.372820854187),
(512, 4, 108.02856445312, 14.372765541077),
(513, 4, 108.02857971191, 14.372660636902),
(514, 4, 108.02862548828, 14.372601509094),
(515, 4, 108.02868652344, 14.372568130493),
(516, 4, 108.02878570557, 14.372554779053),
(517, 4, 108.02886962891, 14.372567176819),
(518, 4, 108.02893829346, 14.372596740723),
(519, 4, 108.02903747559, 14.372580528259),
(520, 4, 108.02911376953, 14.372457504273),
(521, 4, 108.02910614014, 14.372363090515),
(522, 4, 108.02905273438, 14.372321128845),
(523, 4, 108.02896881103, 14.372291564941),
(524, 4, 108.02891540527, 14.372190475464),
(525, 4, 108.0288772583, 14.372051239014),
(526, 4, 108.0288772583, 14.371975898743),
(527, 4, 108.02895355225, 14.371828079224),
(528, 4, 108.02922821045, 14.371680259705),
(529, 4, 108.02925872803, 14.371567726135),
(530, 4, 108.02924346924, 14.37144947052),
(531, 4, 108.02912902832, 14.371353149414),
(532, 4, 108.0290222168, 14.371311187744),
(533, 4, 108.02897644043, 14.371269226074),
(534, 4, 108.02896881103, 14.37118434906),
(535, 4, 108.02899169922, 14.371066093445),
(536, 4, 108.02904510498, 14.371007919312),
(537, 4, 108.02920532227, 14.371015548706),
(538, 4, 108.02932739258, 14.37090587616),
(539, 4, 108.02947235107, 14.370564460754),
(540, 4, 108.02952575684, 14.370379447937),
(541, 4, 108.02950286865, 14.370295524597),
(542, 4, 108.02941131592, 14.370265960693),
(543, 4, 108.02918243408, 14.370312690735),
(544, 4, 108.02906036377, 14.370350837707),
(545, 4, 108.02896881103, 14.370358467102),
(546, 4, 108.02880096435, 14.370476722717),
(547, 4, 108.02870178223, 14.370506286621),
(548, 4, 108.02861022949, 14.370506286621),
(549, 4, 108.02854156494, 14.37043094635),
(550, 4, 108.02843475342, 14.370253562927),
(551, 4, 108.02841186523, 14.370140075684),
(552, 4, 108.0284576416, 14.370005607605),
(553, 4, 108.02847290039, 14.36992931366),
(554, 4, 108.02837371826, 14.369811058044),
(555, 4, 108.02835083008, 14.369613647461),
(556, 4, 108.02835083008, 14.369449615478),
(557, 4, 108.02842712402, 14.369229316711),
(558, 4, 108.02841949463, 14.369121551514),
(559, 4, 108.02842712402, 14.368974685669),
(560, 4, 108.02850341797, 14.368735313416),
(561, 4, 108.02841186523, 14.368444442749),
(562, 4, 108.02816772461, 14.368109703064),
(563, 4, 108.0280456543, 14.367827415466),
(564, 4, 108.02816772461, 14.367484092712),
(565, 4, 108.02830505371, 14.366840362549),
(566, 4, 108.02899169922, 14.365941047668),
(567, 4, 108.02940368652, 14.365491867065),
(568, 4, 108.02783966065, 14.364157676697),
(569, 4, 108.02729797363, 14.362685203552),
(570, 4, 108.0271987915, 14.361843109131),
(571, 4, 108.02721405029, 14.361433982849),
(572, 4, 108.02584838867, 14.360731124878),
(573, 4, 108.02569580078, 14.360706329346),
(574, 4, 108.02555084228, 14.360642433167),
(575, 4, 108.02526092529, 14.360459327698),
(576, 4, 108.02506256103, 14.360355377197),
(577, 4, 108.02478790283, 14.360252380371),
(578, 4, 108.02445220947, 14.360072135925),
(579, 4, 108.02436065674, 14.360116958618),
(580, 4, 108.02401733398, 14.359450340271),
(581, 4, 108.0238571167, 14.359108924866),
(582, 4, 108.02376556397, 14.358834266663),
(583, 4, 108.02370452881, 14.358576774597),
(584, 4, 108.02349090576, 14.35861492157),
(585, 4, 108.02318572998, 14.35853099823),
(586, 4, 108.02278137207, 14.358384132385),
(587, 4, 108.0225982666, 14.358402252197),
(588, 4, 108.02221679688, 14.358497619629),
(589, 4, 108.02193450928, 14.358533859253),
(590, 4, 108.02158355713, 14.358358383179),
(591, 4, 108.02114105225, 14.35817527771),
(592, 4, 108.0210647583, 14.358150482178),
(593, 4, 108.0207824707, 14.358135223389),
(594, 4, 108.01979827881, 14.358125686646),
(595, 4, 108.01848602295, 14.35813331604),
(596, 4, 108.01287078857, 14.358187675476),
(597, 4, 108.01177978516, 14.358162879944),
(598, 4, 108.01064300537, 14.358097076416),
(599, 4, 108.01039886475, 14.358117103577),
(600, 4, 108.00943756103, 14.35825920105),
(601, 4, 108.00895690918, 14.358317375183),
(602, 4, 108.00834655762, 14.358370780945),
(603, 4, 108.00868988037, 14.359421730042),
(604, 4, 108.0087890625, 14.359803199768),
(605, 4, 108.00939178467, 14.361620903015),
(606, 4, 108.00960540772, 14.362337112427),
(607, 4, 108.00994873047, 14.364248275757),
(608, 4, 108.00871276856, 14.364301681519),
(609, 4, 108.00871276856, 14.365552902222),
(610, 4, 108.00860595703, 14.367707252502),
(611, 4, 108.00861358643, 14.369737625122),
(612, 4, 108.00869750977, 14.370892524719),
(613, 4, 108.00873565674, 14.372017860413),
(614, 4, 108.00876617432, 14.373378753662),
(615, 4, 108.00884246826, 14.374435424805),
(616, 4, 108.008934021, 14.375426292419),
(617, 4, 108.00890350342, 14.375782012939),
(618, 4, 108.0089263916, 14.37674331665),
(619, 4, 108.00902557373, 14.377992630005),
(620, 4, 108.00910949707, 14.379341125488),
(621, 4, 108.00920104981, 14.3798828125),
(622, 4, 108.00941467285, 14.380851745606),
(623, 4, 108.00959014893, 14.381401062012),
(624, 4, 108.00960540772, 14.382070541382),
(625, 4, 108.01979064941, 14.381694793701),
(626, 4, 108.01997375488, 14.381863594055),
(627, 4, 108.02034759522, 14.381897926331),
(628, 4, 108.02053070068, 14.382392883301),
(629, 4, 108.02017211914, 14.38392829895),
(630, 4, 108.01974487305, 14.385157585144),
(631, 4, 108.01988220215, 14.38516998291),
(632, 4, 108.02009582519, 14.385229110718),
(633, 4, 108.02024841309, 14.38525390625),
(634, 4, 108.02048492432, 14.385262489319),
(635, 4, 108.02059173584, 14.38521194458),
(636, 5, 108.02795410156, 14.359715461731),
(637, 5, 108.02933502197, 14.357977867127),
(638, 5, 108.03032684326, 14.357255935669),
(639, 5, 108.03132629394, 14.35694694519),
(640, 5, 108.03329467773, 14.356307983398),
(641, 5, 108.03510284424, 14.355968475342),
(642, 5, 108.03719329834, 14.356075286865),
(643, 5, 108.03949737549, 14.356300354004),
(644, 5, 108.04053497315, 14.356181144714),
(645, 5, 108.04208374023, 14.355635643005),
(646, 5, 108.04299163818, 14.354977607727),
(647, 5, 108.0432434082, 14.354468345642),
(648, 5, 108.04330444336, 14.35392665863),
(649, 5, 108.04328155518, 14.353384971619),
(650, 5, 108.04317474365, 14.352802276611),
(651, 5, 108.04278564453, 14.351971626282),
(652, 5, 108.04179382324, 14.351136207581),
(653, 5, 108.04090881348, 14.350659370422),
(654, 5, 108.0390548706, 14.349312782288),
(655, 5, 108.03669738769, 14.348034858704),
(656, 5, 108.03410339356, 14.346440315247),
(657, 5, 108.03172302246, 14.345589637756),
(658, 5, 108.03054046631, 14.345002174377),
(659, 5, 108.02965545654, 14.344207763672),
(660, 5, 108.02909088135, 14.343125343323),
(661, 5, 108.02879333496, 14.342824935913),
(662, 5, 108.02672576904, 14.341274261475),
(663, 5, 108.02634429932, 14.341195106506),
(664, 5, 108.02584838867, 14.34125995636),
(665, 5, 108.02513122559, 14.341507911682),
(666, 5, 108.02458953857, 14.341560363769),
(667, 5, 108.02381134033, 14.341312408447),
(668, 5, 108.02362060547, 14.341565132141),
(669, 5, 108.02270507812, 14.343085289002),
(670, 5, 108.01963806152, 14.346811294556),
(671, 5, 108.01933288574, 14.347683906555),
(672, 5, 108.01922607422, 14.347902297974),
(673, 5, 108.01903533935, 14.348104476929),
(674, 5, 108.01874542236, 14.348472595215),
(675, 5, 108.01834869385, 14.350246429443),
(676, 5, 108.01559448242, 14.350157737732),
(677, 5, 108.0152053833, 14.350155830383),
(678, 5, 108.01110076904, 14.350041389465),
(679, 5, 108.00570678711, 14.34987449646),
(680, 5, 108.00679016113, 14.353404998779),
(681, 5, 108.00713348389, 14.354604721069),
(682, 5, 108.00717926025, 14.354840278626),
(683, 5, 108.00722503662, 14.355008125305),
(684, 5, 108.00738525391, 14.355325698852),
(685, 5, 108.0078048706, 14.356706619263),
(686, 5, 108.00834655762, 14.358370780945),
(687, 5, 108.00895690918, 14.358317375183),
(688, 5, 108.00943756103, 14.35825920105),
(689, 5, 108.01039886475, 14.358117103577),
(690, 5, 108.01064300537, 14.358097076416),
(691, 5, 108.01177978516, 14.358162879944),
(692, 5, 108.01287078857, 14.358187675476),
(693, 5, 108.01848602295, 14.35813331604),
(694, 5, 108.01979827881, 14.358125686646),
(695, 5, 108.0207824707, 14.358135223389),
(696, 5, 108.0210647583, 14.358150482178),
(697, 5, 108.02114105225, 14.35817527771),
(698, 5, 108.02158355713, 14.358358383179),
(699, 5, 108.02193450928, 14.358533859253),
(700, 5, 108.02221679688, 14.358497619629),
(701, 5, 108.0225982666, 14.358402252197),
(702, 5, 108.02278137207, 14.358384132385),
(703, 5, 108.02318572998, 14.35853099823),
(704, 5, 108.02349090576, 14.35861492157),
(705, 5, 108.02370452881, 14.358576774597),
(706, 5, 108.02376556397, 14.358834266663),
(707, 5, 108.0238571167, 14.359108924866),
(708, 5, 108.02401733398, 14.359450340271),
(709, 5, 108.02436065674, 14.360116958618),
(710, 5, 108.02445220947, 14.360072135925),
(711, 5, 108.02478790283, 14.360252380371),
(712, 5, 108.02506256103, 14.360355377197),
(713, 5, 108.02526092529, 14.360459327698),
(714, 5, 108.02555084228, 14.360642433167),
(715, 5, 108.02569580078, 14.360706329346),
(716, 5, 108.02584838867, 14.360731124878),
(717, 5, 108.02721405029, 14.361433982849),
(718, 5, 108.02795410156, 14.359715461731),
(719, 6, 107.9803237915, 14.431157112122),
(720, 6, 107.98265075684, 14.427852630615),
(721, 6, 107.9842376709, 14.42729473114),
(722, 6, 107.98447418213, 14.425889968872),
(723, 6, 107.98786926269, 14.423657417297),
(724, 6, 107.98777770996, 14.421509742737),
(725, 6, 107.98907470703, 14.418509483337),
(726, 6, 107.99134063721, 14.416411399841),
(727, 6, 107.99217224121, 14.412569999695),
(728, 6, 107.99167633057, 14.409558296204),
(729, 6, 107.99269104004, 14.406332969666),
(730, 6, 107.98931121826, 14.403670310974),
(731, 6, 107.98896026611, 14.398756027222),
(732, 6, 107.98691558838, 14.39021396637),
(733, 6, 107.98560333252, 14.390203475952),
(734, 6, 107.9843826294, 14.387310981751),
(735, 6, 107.98305511475, 14.386771202087),
(736, 6, 107.98392486572, 14.385966300964),
(737, 6, 107.98244476318, 14.385102272034),
(738, 6, 107.98168182373, 14.382247924805),
(739, 6, 107.9821395874, 14.380895614624),
(740, 6, 107.98152160644, 14.38031578064),
(741, 6, 107.99072265625, 14.371311187744),
(742, 6, 107.98975372315, 14.370530128479),
(743, 6, 107.98985290527, 14.36878490448),
(744, 6, 107.98886871338, 14.367641448975),
(745, 6, 107.98693084717, 14.367722511292),
(746, 6, 107.97814178467, 14.37163066864),
(747, 6, 107.97676086426, 14.37083530426),
(748, 6, 107.97481536865, 14.371483802795),
(749, 6, 107.97282409668, 14.369592666626),
(750, 6, 107.9713973999, 14.371134757996),
(751, 6, 107.97036743164, 14.371248245239),
(752, 6, 107.96949005127, 14.37077999115),
(753, 6, 107.96917724609, 14.368552207947),
(754, 6, 107.96765136719, 14.367833137512),
(755, 6, 107.96645355225, 14.36798286438),
(756, 6, 107.96546173096, 14.366871833801),
(757, 6, 107.96309661865, 14.36706161499),
(758, 6, 107.96324157715, 14.367912292481),
(759, 6, 107.96229553223, 14.369614601135),
(760, 6, 107.96245574951, 14.376329421997),
(761, 6, 107.96160125732, 14.377917289734),
(762, 6, 107.95935821533, 14.391206741333),
(763, 6, 107.96669006348, 14.395648956299),
(764, 6, 107.96368408203, 14.398688316345),
(765, 6, 107.9638748169, 14.404094696045),
(766, 6, 107.96200561523, 14.4059715271),
(767, 6, 107.96053314209, 14.406482696533),
(768, 6, 107.96139526367, 14.410338401794),
(769, 6, 107.96117401123, 14.411766052246),
(770, 6, 107.96324157715, 14.41398525238),
(771, 6, 107.96305847168, 14.416254043579),
(772, 6, 107.96438598633, 14.417567253113),
(773, 6, 107.96350097656, 14.418478012085),
(774, 6, 107.96388244629, 14.419025421143),
(775, 6, 107.96929168701, 14.421539306641),
(776, 6, 107.967628479, 14.423677444458),
(777, 6, 107.96792602539, 14.424168586731),
(778, 6, 107.97355651856, 14.429114341736),
(779, 6, 107.97579956055, 14.429200172424),
(780, 6, 107.97631835938, 14.430362701416),
(781, 6, 107.97909545898, 14.431531906128),
(782, 6, 107.9803237915, 14.431157112122),
(783, 7, 108.01874542236, 14.348472595215),
(784, 7, 108.01903533935, 14.348104476929),
(785, 7, 108.01922607422, 14.347902297974),
(786, 7, 108.01933288574, 14.347683906555),
(787, 7, 108.01963806152, 14.346811294556),
(788, 7, 108.02270507812, 14.343085289002),
(789, 7, 108.02362060547, 14.341565132141),
(790, 7, 108.02381134033, 14.341312408447),
(791, 7, 108.02272796631, 14.340947151184),
(792, 7, 108.02026367188, 14.339948654175),
(793, 7, 108.01930236816, 14.339428901672),
(794, 7, 108.0188369751, 14.339019775391),
(795, 7, 108.01850128174, 14.338592529297),
(796, 7, 108.01816558838, 14.337886810303),
(797, 7, 108.01805877685, 14.336847305298),
(798, 7, 108.01807403565, 14.335416793823),
(799, 7, 108.01874542236, 14.334060668945),
(800, 7, 108.02015686035, 14.33235168457),
(801, 7, 108.02102661133, 14.331163406372),
(802, 7, 108.02173614502, 14.330271720886),
(803, 7, 108.02158355713, 14.329268455505),
(804, 7, 108.02080535889, 14.328430175781),
(805, 7, 108.01760864258, 14.326761245727),
(806, 7, 108.01371002197, 14.326036453247),
(807, 7, 108.00989532471, 14.325836181641),
(808, 7, 108.00894165039, 14.326113700867),
(809, 7, 108.00807952881, 14.32651424408),
(810, 7, 108.00724029541, 14.327196121216),
(811, 7, 108.00531005859, 14.33019733429),
(812, 7, 108.00458526611, 14.332166671753),
(813, 7, 108.00323486328, 14.336977005005),
(814, 7, 108.00192260742, 14.34280872345),
(815, 7, 108.00303649902, 14.343675613403),
(816, 7, 108.00339508057, 14.34409236908),
(817, 7, 108.00360107422, 14.34438419342),
(818, 7, 108.00387573242, 14.344785690308),
(819, 7, 108.00406646728, 14.345175743103),
(820, 7, 108.00434875488, 14.345548629761),
(821, 7, 108.00570678711, 14.34987449646),
(822, 7, 108.01834869385, 14.350246429443),
(823, 7, 108.01874542236, 14.348472595215),
(824, 8, 107.99967956543, 14.344700813293),
(825, 8, 108.000831604, 14.344477653503),
(826, 8, 108.00124359131, 14.344121932983),
(827, 8, 108.00158691406, 14.343626976013),
(828, 8, 108.00192260742, 14.34280872345),
(829, 8, 108.00323486328, 14.336977005005),
(830, 8, 108.00458526611, 14.332166671753),
(831, 8, 108.00531005859, 14.33019733429),
(832, 8, 108.00724029541, 14.327196121216),
(833, 8, 108.00625610352, 14.326631546021),
(834, 8, 108.00589752197, 14.32647895813),
(835, 8, 108.00563812256, 14.326407432556),
(836, 8, 108.00496673584, 14.326171875),
(837, 8, 108.00456237793, 14.326002120972),
(838, 8, 108.00315093994, 14.325625419617),
(839, 8, 108.00255584717, 14.325498580933),
(840, 8, 108.00154113769, 14.324809074402),
(841, 8, 107.99955749512, 14.322776794434),
(842, 8, 107.99936676025, 14.322518348694),
(843, 8, 107.99680328369, 14.320076942444),
(844, 8, 107.99613189697, 14.318909645081),
(845, 8, 107.99498748779, 14.316404342651),
(846, 8, 107.99401092529, 14.316655158997),
(847, 8, 107.9921798706, 14.31721496582),
(848, 8, 107.98780822754, 14.319200515747),
(849, 8, 107.98776245117, 14.319087028503),
(850, 8, 107.98771667481, 14.318879127502),
(851, 8, 107.98771667481, 14.318731307983),
(852, 8, 107.98766326904, 14.318691253662),
(853, 8, 107.98672485352, 14.317105293274),
(854, 8, 107.98556518555, 14.317699432373),
(855, 8, 107.9864654541, 14.320260047913),
(856, 8, 107.98514556885, 14.320512771606),
(857, 8, 107.9842376709, 14.320779800415),
(858, 8, 107.98307037353, 14.321286201477),
(859, 8, 107.9821472168, 14.321912765503),
(860, 8, 107.98138427734, 14.322261810303),
(861, 8, 107.98104095459, 14.322268486023),
(862, 8, 107.98582458496, 14.327919960022),
(863, 8, 107.9864730835, 14.327772140503),
(864, 8, 107.98839569092, 14.327247619629),
(865, 8, 107.98847198486, 14.327282905579),
(866, 8, 107.9895401001, 14.33122253418),
(867, 8, 107.99039459228, 14.334121704102),
(868, 8, 107.99047851562, 14.335202217102),
(869, 8, 107.99084472656, 14.335773468018),
(870, 8, 107.9912185669, 14.336249351502),
(871, 8, 107.99161529541, 14.336835861206),
(872, 8, 107.99208068848, 14.337416648865),
(873, 8, 107.99238586426, 14.3376121521),
(874, 8, 107.99262237549, 14.337707519531),
(875, 8, 107.99206542969, 14.338528633118),
(876, 8, 107.99160766602, 14.33912563324),
(877, 8, 107.99099731445, 14.339621543884),
(878, 8, 107.99082183838, 14.341398239136),
(879, 8, 107.99079895019, 14.341863632202),
(880, 8, 107.99243164062, 14.342282295227),
(881, 8, 107.99445343018, 14.343398094177),
(882, 8, 107.99597930908, 14.344329833984),
(883, 8, 107.99723052978, 14.344767570496),
(884, 8, 107.99827575684, 14.34485244751),
(885, 8, 107.99967956543, 14.344700813293),
(886, 9, 107.98932647705, 14.356241226196),
(887, 9, 107.99012756348, 14.355893135071),
(888, 9, 107.99025726318, 14.355469703674),
(889, 9, 107.99032592773, 14.354467391968),
(890, 9, 107.99044799805, 14.351511955261),
(891, 9, 107.99017333984, 14.350966453552),
(892, 9, 107.98983001709, 14.350505828857),
(893, 9, 107.98889160156, 14.349687576294),
(894, 9, 107.98797607422, 14.34840965271),
(895, 9, 107.98727416992, 14.34752368927),
(896, 9, 107.98738861084, 14.345930099487),
(897, 9, 107.98781585693, 14.34440612793),
(898, 9, 107.98854064941, 14.343012809753),
(899, 9, 107.98922729492, 14.342352867127),
(900, 9, 107.98979187012, 14.342113494873),
(901, 9, 107.99027252197, 14.341972351074),
(902, 9, 107.99079895019, 14.341863632202),
(903, 9, 107.99082183838, 14.341398239136),
(904, 9, 107.99099731445, 14.339621543884),
(905, 9, 107.99160766602, 14.33912563324),
(906, 9, 107.99206542969, 14.338528633118),
(907, 9, 107.99262237549, 14.337707519531),
(908, 9, 107.99238586426, 14.3376121521),
(909, 9, 107.99208068848, 14.337416648865),
(910, 9, 107.99161529541, 14.336835861206),
(911, 9, 107.9912185669, 14.336249351502),
(912, 9, 107.99084472656, 14.335773468018),
(913, 9, 107.99047851562, 14.335202217102),
(914, 9, 107.99039459228, 14.334121704102),
(915, 9, 107.9895401001, 14.33122253418),
(916, 9, 107.98847198486, 14.327282905579),
(917, 9, 107.98839569092, 14.327247619629),
(918, 9, 107.9864730835, 14.327772140503),
(919, 9, 107.98582458496, 14.327919960022),
(920, 9, 107.98104095459, 14.322268486023),
(921, 9, 107.98033905029, 14.322494506836),
(922, 9, 107.97917938232, 14.323223114014),
(923, 9, 107.97846221924, 14.323343276977),
(924, 9, 107.97801208496, 14.323369026184),
(925, 9, 107.9778137207, 14.323324203491),
(926, 9, 107.97750091553, 14.32320690155),
(927, 9, 107.97682189941, 14.322994232178),
(928, 9, 107.97650909424, 14.323286056519),
(929, 9, 107.9764175415, 14.323453903198),
(930, 9, 107.97645568848, 14.323719978332),
(931, 9, 107.97662353516, 14.323966979981),
(932, 9, 107.97747802734, 14.324736595154),
(933, 9, 107.97759246826, 14.324975013733),
(934, 9, 107.97759246826, 14.325178146362),
(935, 9, 107.9775314331, 14.325275421143),
(936, 9, 107.97732543945, 14.325337409973),
(937, 9, 107.9768447876, 14.325258255005),
(938, 9, 107.97663116455, 14.325328826904),
(939, 9, 107.97654724121, 14.325452804565),
(940, 9, 107.97657775879, 14.325744628906),
(941, 9, 107.97671508789, 14.325939178467),
(942, 9, 107.97717285156, 14.326354026794),
(943, 9, 107.97740936279, 14.326407432556),
(944, 9, 107.97763824463, 14.326372146606),
(945, 9, 107.97807312012, 14.326150894165),
(946, 9, 107.97818756103, 14.326169013977),
(947, 9, 107.9782333374, 14.326336860657),
(948, 9, 107.9782409668, 14.326699256897),
(949, 9, 107.97848510742, 14.327326774597),
(950, 9, 107.97881317139, 14.327742576599),
(951, 9, 107.97946929932, 14.327928543091),
(952, 9, 107.97953033447, 14.328061103821),
(953, 9, 107.979637146, 14.328591346741),
(954, 9, 107.97959136963, 14.328812599182),
(955, 9, 107.979637146, 14.328918457031),
(956, 9, 107.98075866699, 14.329422950745),
(957, 9, 107.98099517822, 14.329758644104),
(958, 9, 107.98125457764, 14.330793380737),
(959, 9, 107.98129272461, 14.331243515015),
(960, 9, 107.98124694824, 14.331570625305),
(961, 9, 107.98132324219, 14.332313537598),
(962, 9, 107.98125457764, 14.332588195801),
(963, 9, 107.98107147217, 14.332685470581),
(964, 9, 107.98037719727, 14.332818031311),
(965, 9, 107.97964477539, 14.332985877991),
(966, 9, 107.97955322266, 14.333118438721),
(967, 9, 107.97947692871, 14.33348941803),
(968, 9, 107.97940826416, 14.333613395691),
(969, 9, 107.97903442383, 14.333764076233),
(970, 9, 107.97882080078, 14.333888053894),
(971, 9, 107.9787902832, 14.334037780762),
(972, 9, 107.97887420654, 14.334329605102),
(973, 9, 107.97898864746, 14.334603309631),
(974, 9, 107.97898101807, 14.334807395935),
(975, 9, 107.97854614258, 14.335532188416),
(976, 9, 107.97853851318, 14.335770606995),
(977, 9, 107.9786529541, 14.336540222168),
(978, 9, 107.97882080078, 14.33682346344),
(979, 9, 107.97884368897, 14.337211608887),
(980, 9, 107.9789352417, 14.337345123291),
(981, 9, 107.97967529297, 14.337972640991),
(982, 9, 107.97974395752, 14.338299751282),
(983, 9, 107.97969818115, 14.338538169861),
(984, 9, 107.97943115234, 14.338980674744),
(985, 9, 107.97924804688, 14.339033126831),
(986, 9, 107.97867584228, 14.339024543762),
(987, 9, 107.97832489014, 14.339219093323),
(988, 9, 107.97792816162, 14.339599609375),
(989, 9, 107.97743225098, 14.339616775513),
(990, 9, 107.97692871094, 14.339758872986),
(991, 9, 107.97668457031, 14.340032577515),
(992, 9, 107.97629547119, 14.340253829956),
(993, 9, 107.97525787353, 14.340438842773),
(994, 9, 107.97476196289, 14.340562820435),
(995, 9, 107.97439575195, 14.340810775757),
(996, 9, 107.97412872315, 14.341252326965),
(997, 9, 107.97404479981, 14.341765403748),
(998, 9, 107.97417449951, 14.342287063599),
(999, 9, 107.97454071045, 14.342844009399),
(1000, 9, 107.97487640381, 14.343118667602),
(1001, 9, 107.97519683838, 14.343180656433),
(1002, 9, 107.97562408447, 14.343189239502),
(1003, 9, 107.97579193115, 14.343375205994),
(1004, 9, 107.97579956055, 14.343657493591),
(1005, 9, 107.97570037842, 14.343887329102),
(1006, 9, 107.97535705566, 14.344046592712),
(1007, 9, 107.97454071045, 14.344184875488),
(1008, 9, 107.9741897583, 14.344298362732),
(1009, 9, 107.97403717041, 14.344508171082),
(1010, 9, 107.97388458252, 14.344858169556),
(1011, 9, 107.97375488281, 14.344945907593),
(1012, 9, 107.97358703613, 14.344945907593),
(1013, 9, 107.97303009033, 14.344736099243),
(1014, 9, 107.97284698486, 14.344736099243),
(1015, 9, 107.9719619751, 14.345191001892),
(1016, 9, 107.97118377685, 14.345715522766),
(1017, 9, 107.97033691406, 14.346765518188),
(1018, 9, 107.97019958496, 14.347210884094),
(1019, 9, 107.97019958496, 14.348103523254),
(1020, 9, 107.97030639648, 14.348960876465),
(1021, 9, 107.97032165527, 14.349231719971),
(1022, 9, 107.97026062012, 14.349415779114),
(1023, 9, 107.97013092041, 14.349634170532),
(1024, 9, 107.97013092041, 14.349879264832),
(1025, 9, 107.97058105469, 14.35152721405),
(1026, 9, 107.9705581665, 14.35317325592),
(1027, 9, 107.97241210938, 14.353295326233),
(1028, 9, 107.97337341309, 14.353281021118),
(1029, 9, 107.97791290283, 14.353435516357),
(1030, 9, 107.9794845581, 14.353196144104),
(1031, 9, 107.98088073731, 14.353232383728),
(1032, 9, 107.98185729981, 14.353492736816),
(1033, 9, 107.98616027832, 14.355484008789),
(1034, 9, 107.98811340332, 14.356147766113),
(1035, 9, 107.98873138428, 14.356260299683),
(1036, 9, 107.98932647705, 14.356241226196),
(1037, 10, 107.97821807861, 14.323367118835),
(1038, 10, 107.97846221924, 14.323343276977),
(1039, 10, 107.97917938232, 14.323223114014),
(1040, 10, 107.98033905029, 14.322494506836),
(1041, 10, 107.98104095459, 14.322268486023),
(1042, 10, 107.98138427734, 14.322261810303),
(1043, 10, 107.9821472168, 14.321912765503),
(1044, 10, 107.98307037353, 14.321286201477),
(1045, 10, 107.9842376709, 14.320779800415),
(1046, 10, 107.98514556885, 14.320512771606),
(1047, 10, 107.9864654541, 14.320260047913),
(1048, 10, 107.98556518555, 14.317699432373),
(1049, 10, 107.98672485352, 14.317105293274),
(1050, 10, 107.98766326904, 14.318691253662),
(1051, 10, 107.98771667481, 14.318731307983),
(1052, 10, 107.98771667481, 14.318879127502),
(1053, 10, 107.98776245117, 14.319087028503),
(1054, 10, 107.98780822754, 14.319200515747),
(1055, 10, 107.9921798706, 14.31721496582),
(1056, 10, 107.99401092529, 14.316655158997),
(1057, 10, 107.99498748779, 14.316404342651),
(1058, 10, 107.99726867676, 14.315412521362),
(1059, 10, 107.99682617188, 14.314105033874),
(1060, 10, 107.99625396728, 14.313220977783),
(1061, 10, 107.99607849121, 14.312772750854),
(1062, 10, 107.99605560303, 14.312520027161),
(1063, 10, 107.99613189697, 14.312093734741),
(1064, 10, 107.99649810791, 14.311423301697),
(1065, 10, 107.99733734131, 14.31049823761),
(1066, 10, 107.99737548828, 14.310383796692),
(1067, 10, 107.99737548828, 14.310213088989),
(1068, 10, 107.99724578857, 14.309700012207),
(1069, 10, 107.9972076416, 14.30938911438),
(1070, 10, 107.99747467041, 14.308826446533),
(1071, 10, 107.99765014648, 14.30832195282),
(1072, 10, 107.99760437012, 14.307415962219),
(1073, 10, 107.99791717529, 14.307140350342),
(1074, 10, 107.99796295166, 14.306680679321),
(1075, 10, 107.99808502197, 14.306551933289),
(1076, 10, 107.9984664917, 14.306238174438),
(1077, 10, 107.99853515625, 14.306151390076),
(1078, 10, 107.99858856201, 14.305644035339),
(1079, 10, 107.99855041504, 14.305164337158),
(1080, 10, 107.99859619141, 14.304851531982),
(1081, 10, 107.99849700928, 14.304493904114),
(1082, 10, 107.99848175049, 14.304360389709),
(1083, 10, 107.99835205078, 14.304146766663),
(1084, 10, 107.99835205078, 14.304012298584),
(1085, 10, 107.99845886231, 14.303831100464),
(1086, 10, 107.99852752685, 14.303215026856),
(1087, 10, 107.99853515625, 14.30256652832),
(1088, 10, 107.99857330322, 14.302024841309),
(1089, 10, 107.99857330322, 14.301285743713),
(1090, 10, 107.99865722656, 14.300391197205),
(1091, 10, 107.99870300293, 14.300186157227),
(1092, 10, 107.99866485596, 14.29999256134),
(1093, 10, 107.99824523926, 14.299025535583),
(1094, 10, 107.99806213379, 14.298404693603),
(1095, 10, 107.99781036377, 14.298164367676),
(1096, 10, 107.99772644043, 14.298024177551),
(1097, 10, 107.99770355225, 14.297898292542),
(1098, 10, 107.99784851074, 14.297021865845),
(1099, 10, 107.99787902832, 14.296949386597),
(1100, 10, 107.99800109863, 14.296841621399),
(1101, 10, 107.99813079834, 14.296620368957),
(1102, 10, 107.99816131592, 14.296522140503),
(1103, 10, 107.99822235107, 14.296444892883),
(1104, 10, 107.99831390381, 14.29637336731),
(1105, 10, 107.99833679199, 14.296311378479),
(1106, 10, 107.9983215332, 14.296251296997),
(1107, 10, 107.9979095459, 14.295858383179),
(1108, 10, 107.99780273438, 14.295699119568),
(1109, 10, 107.99774932861, 14.295432090759),
(1110, 10, 107.99781036377, 14.295127868652),
(1111, 10, 107.99801635742, 14.294373512268),
(1112, 10, 107.99803161621, 14.293452262878),
(1113, 10, 107.9979019165, 14.293077468872),
(1114, 10, 107.99784851074, 14.293015480042),
(1115, 10, 107.99777984619, 14.292987823486),
(1116, 10, 107.99768066406, 14.292865753174),
(1117, 10, 107.99765777588, 14.292747497559),
(1118, 10, 107.99765777588, 14.292454719543),
(1119, 10, 107.99756622315, 14.292302131653),
(1120, 10, 107.99754333496, 14.292225837707),
(1121, 10, 107.99756622315, 14.292023658752),
(1122, 10, 107.99752044678, 14.291777610779),
(1123, 10, 107.99736022949, 14.291607856751),
(1124, 10, 107.99716949463, 14.291350364685),
(1125, 10, 107.99716949463, 14.291281700134),
(1126, 10, 107.9972076416, 14.291223526001),
(1127, 10, 107.99638366699, 14.290373802185),
(1128, 10, 107.99353027344, 14.290257453918),
(1129, 10, 107.99222564697, 14.290314674377),
(1130, 10, 107.99118041992, 14.290656089783),
(1131, 10, 107.98896789551, 14.291627883911),
(1132, 10, 107.98720550537, 14.291895866394),
(1133, 10, 107.98616790772, 14.291742324829),
(1134, 10, 107.98568725586, 14.291560173035),
(1135, 10, 107.98525238037, 14.291424751282),
(1136, 10, 107.98501586914, 14.291427612305),
(1137, 10, 107.98439025879, 14.291507720947),
(1138, 10, 107.98313140869, 14.291442871094),
(1139, 10, 107.98278045654, 14.291493415832),
(1140, 10, 107.98222351074, 14.291615486145),
(1141, 10, 107.98181915283, 14.291565895081),
(1142, 10, 107.9814529419, 14.291443824768),
(1143, 10, 107.98122406006, 14.291389465332),
(1144, 10, 107.98059082031, 14.29145526886),
(1145, 10, 107.98008728027, 14.291460990906),
(1146, 10, 107.97984313965, 14.291533470154),
(1147, 10, 107.97931671143, 14.291919708252),
(1148, 10, 107.97911071777, 14.292095184326),
(1149, 10, 107.97888183594, 14.292224884033),
(1150, 10, 107.97859191894, 14.292240142822),
(1151, 10, 107.97835540772, 14.29222202301),
(1152, 10, 107.9782409668, 14.292304039002),
(1153, 10, 107.97790527344, 14.292872428894),
(1154, 10, 107.97741699219, 14.293935775757),
(1155, 10, 107.97702789307, 14.294507026672),
(1156, 10, 107.97701263428, 14.29539680481),
(1157, 10, 107.97714996338, 14.296207427978),
(1158, 10, 107.97682189941, 14.296785354614),
(1159, 10, 107.97673797607, 14.297184944153),
(1160, 10, 107.97689819336, 14.297452926636),
(1161, 10, 107.97714996338, 14.297674179077),
(1162, 10, 107.97738647461, 14.298000335693),
(1163, 10, 107.97791290283, 14.299326896668),
(1164, 10, 107.97800445557, 14.299660682678),
(1165, 10, 107.97802734375, 14.299856185913),
(1166, 10, 107.97798919678, 14.300187110901),
(1167, 10, 107.97801971435, 14.300517082214),
(1168, 10, 107.97819519043, 14.301403999329),
(1169, 10, 107.97793579102, 14.301682472229),
(1170, 10, 107.97763824463, 14.302130699158),
(1171, 10, 107.97764587402, 14.302357673645),
(1172, 10, 107.97798156738, 14.302882194519),
(1173, 10, 107.97808074951, 14.304343223572),
(1174, 10, 107.97829437256, 14.305027961731),
(1175, 10, 107.9785079956, 14.305195808411),
(1176, 10, 107.97970581055, 14.305417060852),
(1177, 10, 107.97995758057, 14.305638313293),
(1178, 10, 107.98009490967, 14.305886268616),
(1179, 10, 107.98011016846, 14.306195259094),
(1180, 10, 107.97978973389, 14.307008743286),
(1181, 10, 107.97982025147, 14.307406425476),
(1182, 10, 107.98017883301, 14.309369087219),
(1183, 10, 107.98031616211, 14.309537887573),
(1184, 10, 107.98065185547, 14.309670448303),
(1185, 10, 107.98097229004, 14.309635162353),
(1186, 10, 107.98143005371, 14.309466361999),
(1187, 10, 107.9818649292, 14.309466361999),
(1188, 10, 107.98204803467, 14.309573173523),
(1189, 10, 107.98215484619, 14.309988021851);
INSERT INTO `point` (`id`, `polygon_id`, `longs`, `lats`) VALUES
(1190, 10, 107.98220062256, 14.310448646545),
(1191, 10, 107.98210144043, 14.310916900635),
(1192, 10, 107.98220062256, 14.311614990234),
(1193, 10, 107.98210144043, 14.311960220337),
(1194, 10, 107.98191070557, 14.312128067017),
(1195, 10, 107.9815826416, 14.312243461609),
(1196, 10, 107.9814376831, 14.312428474426),
(1197, 10, 107.98140716553, 14.312711715698),
(1198, 10, 107.9814453125, 14.313578605652),
(1199, 10, 107.98141479492, 14.31369304657),
(1200, 10, 107.98090362549, 14.313905715942),
(1201, 10, 107.98077392578, 14.314073562622),
(1202, 10, 107.98052215576, 14.314912796021),
(1203, 10, 107.98014068603, 14.315276145935),
(1204, 10, 107.98004150391, 14.315505981445),
(1205, 10, 107.98007202148, 14.316053390503),
(1206, 10, 107.97993469238, 14.316381454468),
(1207, 10, 107.97950744629, 14.316743850708),
(1208, 10, 107.97920227051, 14.317353248596),
(1209, 10, 107.97884368897, 14.317769050598),
(1210, 10, 107.97841644287, 14.31801700592),
(1211, 10, 107.97832489014, 14.3181848526),
(1212, 10, 107.97836303711, 14.318573951721),
(1213, 10, 107.97857666016, 14.319025039673),
(1214, 10, 107.97849273682, 14.31921005249),
(1215, 10, 107.97821807861, 14.319360733032),
(1216, 10, 107.97745513916, 14.319290161133),
(1217, 10, 107.97713470459, 14.319334030151),
(1218, 10, 107.97703552246, 14.31947517395),
(1219, 10, 107.97695922852, 14.321898460388),
(1220, 10, 107.97678375244, 14.322269439697),
(1221, 10, 107.97675323486, 14.322463989258),
(1222, 10, 107.97686004639, 14.322853088379),
(1223, 10, 107.97682189941, 14.322994232178),
(1224, 10, 107.97750091553, 14.32320690155),
(1225, 10, 107.9778137207, 14.323324203491),
(1226, 10, 107.97801208496, 14.323369026184),
(1227, 10, 107.97821807861, 14.323367118835);

-- --------------------------------------------------------

--
-- Cấu trúc bảng cho bảng `polygon`
--

CREATE TABLE `polygon` (
  `id` int(11) NOT NULL,
  `commune_id` int(11) NOT NULL
) ENGINE=InnoDB DEFAULT CHARSET=utf8 COLLATE=utf8_unicode_ci;

--
-- Đang đổ dữ liệu cho bảng `polygon`
--

INSERT INTO `polygon` (`id`, `commune_id`) VALUES
(2, 1),
(1, 2),
(3, 3),
(4, 4),
(5, 5),
(6, 6),
(7, 7),
(8, 8),
(9, 9),
(10, 10);

-- --------------------------------------------------------

--
-- Cấu trúc bảng cho bảng `population`
--

CREATE TABLE `population` (
  `id` int(11) NOT NULL,
  `commune_id` int(11) NOT NULL,
  `time` year(4) NOT NULL,
  `count` double NOT NULL
) ENGINE=InnoDB DEFAULT CHARSET=utf8 COLLATE=utf8_unicode_ci;

--
-- Đang đổ dữ liệu cho bảng `population`
--

INSERT INTO `population` (`id`, `commune_id`, `time`, `count`) VALUES
(1, 1, 2019, 18463),
(2, 2, 2019, 15414),
(3, 3, 2019, 8447),
(4, 4, 2019, 11150),
(5, 5, 2019, 14543),
(6, 6, 2019, 4884),
(7, 7, 2019, 10005),
(8, 8, 2019, 7282),
(9, 9, 2019, 5049),
(10, 10, 2019, 6769),
(11, 11, 2019, 5849),
(12, 12, 2019, 4481),
(13, 13, 2019, 5814),
(14, 14, 2019, 10259),
(15, 15, 2019, 7760),
(16, 16, 2019, 10541),
(17, 17, 2019, 3819),
(18, 18, 2019, 3923),
(19, 19, 2019, 3159),
(20, 20, 2019, 3931),
(21, 21, 2019, 6677),
(22, 22, 2019, 4344),
(23, 23, 2019, 14620),
(24, 24, 2019, 9760),
(25, 25, 2019, 13453),
(26, 26, 2019, 15059),
(27, 27, 2019, 19302),
(28, 28, 2019, 4616),
(29, 29, 2019, 5519),
(30, 30, 2019, 14317),
(31, 31, 2019, 17759),
(32, 32, 2019, 17578),
(33, 33, 2019, 17323),
(34, 34, 2019, 12977),
(35, 35, 2019, 8355),
(36, 36, 2019, 4763),
(37, 37, 2019, 3227),
(38, 38, 2019, 5077),
(39, 39, 2019, 4824),
(40, 40, 2019, 5817),
(41, 41, 2019, 11729),
(42, 42, 2019, 8499),
(43, 43, 2019, 8166),
(44, 44, 2019, 9450),
(45, 45, 2019, 18321),
(46, 46, 2019, 16883),
(47, 47, 2019, 15946),
(48, 48, 2019, 12235),
(49, 49, 2019, 18666),
(50, 50, 2019, 13146),
(51, 51, 2019, 4720),
(52, 52, 2019, 11811),
(53, 53, 2019, 6455),
(54, 54, 2019, 6685),
(55, 55, 2019, 14161),
(56, 56, 2019, 7464),
(57, 57, 2019, 11951),
(58, 58, 2019, 15805),
(59, 59, 2019, 9538),
(60, 60, 2019, 6119),
(61, 61, 2019, 11778),
(62, 62, 2019, 8434),
(63, 63, 2019, 4664),
(64, 64, 2019, 15691),
(65, 65, 2019, 5780),
(66, 66, 2019, 12787),
(67, 67, 2019, 19530),
(68, 68, 2019, 10364),
(69, 69, 2019, 8452),
(70, 70, 2019, 3965),
(71, 71, 2019, 14579),
(72, 72, 2019, 8936),
(73, 73, 2019, 19962),
(74, 74, 2019, 7465),
(75, 75, 2019, 13425),
(76, 76, 2019, 10094),
(77, 77, 2019, 16326),
(78, 78, 2019, 4288),
(79, 79, 2019, 13688),
(80, 80, 2019, 9921),
(81, 81, 2019, 15423),
(82, 82, 2019, 7338),
(83, 83, 2019, 15590),
(84, 84, 2019, 9704),
(85, 85, 2019, 6475),
(86, 86, 2019, 5733),
(87, 87, 2019, 11767),
(88, 88, 2019, 18160),
(89, 89, 2019, 9409),
(90, 90, 2019, 16025),
(91, 91, 2019, 7077),
(92, 92, 2019, 3955),
(93, 93, 2019, 4894),
(94, 94, 2019, 3169),
(95, 95, 2019, 5478),
(96, 96, 2019, 7283),
(97, 97, 2019, 12954),
(98, 98, 2019, 10059),
(99, 99, 2019, 13177),
(100, 100, 2019, 10401),
(101, 101, 2019, 12989),
(102, 102, 2019, 10679),
(103, 103, 2019, 8233),
(104, 104, 2019, 15079),
(105, 105, 2019, 15960),
(106, 106, 2019, 14873),
(107, 107, 2019, 12639),
(108, 108, 2019, 7460),
(109, 109, 2019, 10209),
(110, 110, 2019, 14147),
(111, 111, 2019, 19853),
(112, 112, 2019, 16233),
(113, 113, 2019, 14854),
(114, 114, 2019, 6844),
(115, 115, 2019, 5549),
(116, 116, 2019, 15285),
(117, 117, 2019, 8582),
(118, 118, 2019, 17347),
(119, 119, 2019, 6573),
(120, 120, 2019, 19756),
(121, 121, 2019, 13181),
(122, 122, 2019, 19572),
(123, 123, 2019, 18519),
(124, 124, 2019, 17187),
(125, 125, 2019, 17641),
(126, 126, 2019, 10779),
(127, 127, 2019, 19315),
(128, 128, 2019, 8986),
(129, 129, 2019, 17897),
(130, 130, 2019, 18344),
(131, 131, 2019, 11317),
(132, 132, 2019, 16773),
(133, 133, 2019, 10271),
(134, 134, 2019, 18918),
(135, 135, 2019, 3438),
(136, 136, 2019, 4345),
(137, 137, 2019, 11698),
(138, 138, 2019, 13930),
(139, 139, 2019, 12620),
(140, 140, 2019, 7930),
(141, 141, 2019, 15252),
(142, 142, 2019, 7838),
(143, 143, 2019, 7722),
(144, 144, 2019, 15526),
(145, 145, 2019, 18782),
(146, 146, 2019, 15455),
(147, 147, 2019, 5355),
(148, 148, 2019, 10252),
(149, 149, 2019, 9162),
(150, 150, 2019, 6130),
(151, 151, 2019, 14933),
(152, 152, 2019, 9696),
(153, 153, 2019, 5774),
(154, 154, 2019, 15699),
(155, 155, 2019, 10597),
(156, 156, 2019, 18138),
(157, 157, 2019, 19819),
(158, 158, 2019, 8554),
(159, 159, 2019, 15145),
(160, 160, 2019, 14772),
(161, 161, 2019, 11450),
(162, 162, 2019, 15983),
(163, 163, 2019, 5458),
(164, 164, 2019, 13609),
(165, 165, 2019, 12400),
(166, 166, 2019, 6645),
(167, 167, 2019, 10416),
(168, 168, 2019, 18614),
(169, 169, 2019, 15080),
(170, 170, 2019, 17676),
(171, 171, 2019, 14553),
(172, 172, 2019, 12236),
(173, 173, 2019, 9792),
(174, 174, 2019, 9775),
(175, 175, 2019, 12736),
(176, 176, 2019, 18352),
(177, 177, 2019, 3583),
(178, 178, 2019, 9834),
(179, 179, 2019, 10131),
(180, 180, 2019, 10354),
(181, 181, 2019, 6238),
(182, 182, 2019, 17425),
(183, 183, 2019, 19077),
(184, 184, 2019, 16206),
(185, 185, 2019, 13333),
(186, 186, 2019, 14003),
(187, 187, 2019, 11168),
(188, 188, 2019, 5072),
(189, 189, 2019, 7057),
(190, 190, 2019, 16893),
(191, 191, 2019, 18627),
(192, 192, 2019, 11367),
(193, 193, 2019, 13923),
(194, 194, 2019, 13723),
(195, 195, 2019, 16702),
(196, 196, 2019, 7496),
(197, 197, 2019, 15004),
(198, 198, 2019, 9918),
(199, 199, 2019, 7060),
(200, 200, 2019, 8405),
(201, 201, 2019, 16231),
(202, 202, 2019, 16483),
(203, 203, 2019, 15215),
(204, 204, 2019, 9128),
(205, 205, 2019, 13614),
(206, 206, 2019, 11415),
(207, 207, 2019, 11513),
(208, 208, 2019, 9917),
(209, 209, 2019, 19357),
(210, 210, 2019, 12155),
(211, 211, 2019, 8980),
(212, 212, 2019, 12493),
(213, 213, 2019, 16238),
(214, 214, 2019, 18612),
(215, 215, 2019, 3733),
(216, 216, 2019, 5063),
(217, 217, 2019, 8812),
(218, 218, 2019, 7442),
(219, 219, 2019, 9285),
(220, 220, 2019, 10379),
(221, 221, 2019, 10324),
(222, 222, 2019, 14381),
(223, 223, 2019, 9297),
(224, 224, 2019, 4238),
(225, 225, 2019, 5046),
(226, 226, 2019, 12951),
(227, 227, 2019, 17155),
(228, 228, 2019, 6368),
(229, 229, 2019, 8376),
(230, 230, 2019, 18503),
(231, 231, 2019, 18214),
(232, 232, 2019, 14918),
(233, 233, 2019, 11337),
(234, 234, 2019, 13994),
(235, 235, 2019, 11138),
(236, 236, 2019, 8973),
(237, 237, 2019, 6515),
(238, 238, 2019, 3326),
(239, 239, 2019, 10754),
(240, 240, 2019, 11570),
(241, 241, 2019, 19915),
(242, 242, 2019, 11184),
(243, 243, 2019, 19966),
(244, 244, 2019, 13750),
(245, 245, 2019, 17175),
(246, 246, 2019, 3685),
(247, 247, 2019, 4614),
(248, 248, 2019, 19169),
(249, 249, 2019, 14778),
(250, 250, 2019, 11779),
(251, 251, 2019, 8786),
(252, 252, 2019, 6955),
(253, 253, 2019, 19357),
(254, 254, 2019, 12838),
(255, 255, 2019, 8204),
(256, 256, 2019, 11426),
(257, 257, 2019, 11306),
(258, 258, 2019, 19759),
(259, 259, 2019, 19397),
(260, 260, 2019, 4667),
(261, 261, 2019, 12220),
(262, 262, 2019, 13813),
(263, 263, 2019, 18415),
(264, 264, 2019, 14814),
(265, 265, 2019, 17689),
(266, 266, 2019, 7163),
(267, 267, 2019, 17639),
(268, 268, 2019, 13167),
(269, 269, 2019, 10564),
(270, 270, 2019, 10626),
(271, 271, 2019, 11104),
(272, 272, 2019, 5622),
(273, 273, 2019, 13348),
(274, 274, 2019, 11620),
(275, 275, 2019, 7959),
(276, 276, 2019, 13466),
(277, 277, 2019, 18034),
(278, 278, 2019, 15362),
(279, 279, 2019, 16005),
(280, 280, 2019, 11179),
(281, 281, 2019, 12951),
(282, 282, 2019, 13039),
(283, 283, 2019, 6775),
(284, 284, 2019, 18706),
(285, 285, 2019, 5305),
(286, 286, 2019, 12393),
(287, 287, 2019, 17651),
(288, 288, 2019, 8682),
(289, 289, 2019, 17652),
(290, 290, 2019, 8462),
(291, 291, 2019, 9812),
(292, 292, 2019, 5404),
(293, 293, 2019, 4398),
(294, 294, 2019, 10689),
(295, 295, 2019, 12923),
(296, 296, 2019, 19651),
(297, 297, 2019, 8829),
(298, 298, 2019, 9895),
(299, 299, 2019, 5480),
(300, 300, 2019, 13001),
(301, 301, 2019, 14625),
(302, 302, 2019, 19732),
(303, 303, 2019, 18681),
(304, 304, 2019, 12812),
(305, 305, 2019, 16977),
(306, 306, 2019, 12045),
(307, 307, 2019, 19814),
(308, 308, 2019, 9106),
(309, 309, 2019, 15725),
(310, 310, 2019, 16225),
(311, 311, 2019, 6753),
(312, 312, 2019, 15225),
(313, 313, 2019, 4791),
(314, 314, 2019, 13772),
(315, 315, 2019, 7589),
(316, 316, 2019, 13224),
(317, 317, 2019, 17823),
(318, 318, 2019, 18307),
(319, 319, 2019, 19284),
(320, 320, 2019, 8792),
(321, 321, 2019, 15814),
(322, 322, 2019, 11664),
(323, 323, 2019, 9511),
(324, 324, 2019, 8270),
(325, 325, 2019, 18795),
(326, 326, 2019, 8870),
(327, 327, 2019, 11339),
(328, 328, 2019, 11616),
(329, 329, 2019, 3316),
(330, 330, 2019, 10645),
(331, 331, 2019, 9538),
(332, 332, 2019, 9546),
(333, 333, 2019, 6437),
(334, 334, 2019, 9694),
(335, 335, 2019, 19303),
(336, 336, 2019, 18138),
(337, 337, 2019, 17038),
(338, 338, 2019, 3273),
(339, 339, 2019, 7095),
(340, 340, 2019, 4923),
(341, 341, 2019, 15751),
(342, 342, 2019, 7563),
(343, 343, 2019, 18923),
(344, 344, 2019, 3150),
(345, 345, 2019, 11695),
(346, 346, 2019, 15212),
(347, 347, 2019, 5037),
(348, 348, 2019, 19013),
(349, 349, 2019, 3221),
(350, 350, 2019, 3584),
(351, 351, 2019, 19476),
(352, 352, 2019, 5770),
(353, 353, 2019, 17791),
(354, 354, 2019, 13420),
(355, 355, 2019, 17513),
(356, 356, 2019, 8273),
(357, 357, 2019, 14346),
(358, 358, 2019, 17154),
(359, 359, 2019, 7778),
(360, 360, 2019, 4505),
(361, 361, 2019, 15702),
(362, 362, 2019, 10790),
(363, 363, 2019, 12074),
(364, 364, 2019, 10840),
(365, 365, 2019, 11160),
(366, 366, 2019, 3683),
(367, 367, 2019, 14409),
(368, 368, 2019, 10072),
(369, 369, 2019, 12858),
(370, 370, 2019, 17269),
(371, 371, 2019, 16524),
(372, 372, 2019, 7008),
(373, 373, 2019, 4356),
(374, 374, 2019, 6312),
(375, 375, 2019, 14283),
(376, 376, 2019, 7572),
(377, 377, 2019, 5097),
(378, 378, 2019, 12271),
(379, 379, 2019, 5559),
(380, 380, 2019, 18240),
(381, 381, 2019, 8324),
(382, 382, 2019, 18835),
(383, 383, 2019, 14689),
(384, 384, 2019, 19457),
(385, 385, 2019, 19248),
(386, 386, 2019, 17457),
(387, 387, 2019, 7413),
(388, 388, 2019, 11468),
(389, 389, 2019, 14349),
(390, 390, 2019, 15244),
(391, 391, 2019, 15243),
(392, 392, 2019, 18050),
(393, 393, 2019, 16331),
(394, 394, 2019, 3053),
(395, 395, 2019, 4718),
(396, 396, 2019, 4373),
(397, 397, 2019, 10682),
(398, 398, 2019, 15358),
(399, 399, 2019, 8796),
(400, 400, 2019, 19563),
(401, 401, 2019, 11181),
(402, 402, 2019, 17768),
(403, 403, 2019, 8198),
(404, 404, 2019, 3228),
(405, 405, 2019, 16707),
(406, 406, 2019, 17137),
(407, 407, 2019, 15748),
(408, 408, 2019, 10503),
(409, 409, 2019, 5840),
(410, 410, 2019, 9738),
(411, 411, 2019, 4628),
(412, 412, 2019, 4361),
(413, 413, 2019, 16669),
(414, 414, 2019, 8802),
(415, 415, 2019, 19252),
(416, 416, 2019, 7646),
(417, 417, 2019, 7345),
(418, 418, 2019, 13273),
(419, 419, 2019, 18257),
(420, 420, 2019, 4981),
(421, 421, 2019, 16961),
(422, 422, 2019, 19429),
(423, 423, 2019, 13656),
(424, 424, 2019, 18373),
(425, 425, 2019, 11464),
(426, 426, 2019, 14624),
(427, 427, 2019, 17564),
(428, 428, 2019, 19657),
(429, 429, 2019, 7224),
(430, 430, 2019, 8781),
(431, 431, 2019, 16949),
(432, 432, 2019, 15678),
(433, 433, 2019, 11590),
(434, 434, 2019, 11428),
(435, 435, 2019, 15620),
(436, 436, 2019, 7079),
(437, 437, 2019, 14841),
(438, 438, 2019, 15337),
(439, 439, 2019, 11177),
(440, 440, 2019, 4337),
(441, 441, 2019, 6026),
(442, 442, 2019, 16549),
(443, 443, 2019, 19485),
(444, 444, 2019, 7006),
(445, 445, 2019, 19621),
(446, 446, 2019, 19041),
(447, 447, 2019, 9163),
(448, 448, 2019, 17649),
(449, 449, 2019, 17709),
(450, 450, 2019, 18024),
(451, 451, 2019, 9544),
(452, 452, 2019, 16386),
(453, 453, 2019, 9117),
(454, 454, 2019, 9249),
(455, 455, 2019, 13668),
(456, 456, 2019, 19473),
(457, 457, 2019, 15831),
(458, 458, 2019, 17186),
(459, 459, 2019, 10769),
(460, 460, 2019, 9125),
(461, 461, 2019, 18787),
(462, 462, 2019, 9489),
(463, 463, 2019, 14787),
(464, 464, 2019, 9701),
(465, 465, 2019, 18115),
(466, 466, 2019, 11892),
(467, 467, 2019, 5592),
(468, 468, 2019, 5697),
(469, 469, 2019, 3864),
(470, 470, 2019, 14361),
(471, 471, 2019, 5797),
(472, 472, 2019, 11079),
(473, 473, 2019, 12148),
(474, 474, 2019, 14966),
(475, 475, 2019, 13506),
(476, 476, 2019, 4737),
(477, 477, 2019, 13461),
(478, 478, 2019, 13066),
(479, 479, 2019, 11959),
(480, 480, 2019, 9270),
(481, 481, 2019, 7860),
(482, 482, 2019, 5703),
(483, 483, 2019, 19182),
(484, 484, 2019, 18732),
(485, 485, 2019, 17558),
(486, 486, 2019, 5824),
(487, 487, 2019, 7393),
(488, 488, 2019, 18001),
(489, 489, 2019, 12687),
(490, 490, 2019, 16834),
(491, 491, 2019, 4317),
(492, 492, 2019, 4406),
(493, 493, 2019, 8843),
(494, 494, 2019, 8007),
(495, 495, 2019, 6694),
(496, 496, 2019, 3941),
(497, 497, 2019, 3080),
(498, 498, 2019, 19579),
(499, 499, 2019, 5431),
(500, 500, 2019, 4567),
(501, 501, 2019, 5627),
(502, 502, 2019, 5693),
(503, 503, 2019, 13102),
(504, 504, 2019, 12020),
(505, 505, 2019, 10516),
(506, 506, 2019, 19529),
(507, 507, 2019, 3292),
(508, 508, 2019, 8638),
(509, 509, 2019, 8020),
(510, 510, 2019, 11456),
(511, 511, 2019, 19727),
(512, 512, 2019, 14146),
(513, 513, 2019, 7059),
(514, 514, 2019, 18754),
(515, 515, 2019, 18110),
(516, 516, 2019, 16242),
(517, 517, 2019, 19914),
(518, 518, 2019, 10935),
(519, 519, 2019, 19839),
(520, 520, 2019, 19646),
(521, 521, 2019, 8023),
(522, 522, 2019, 7893),
(523, 523, 2019, 7894),
(524, 524, 2019, 13940),
(525, 525, 2019, 12149),
(526, 526, 2019, 14298),
(527, 527, 2019, 8123),
(528, 528, 2019, 3730),
(529, 529, 2019, 12503),
(530, 530, 2019, 3614),
(531, 531, 2019, 8471),
(532, 532, 2019, 8190),
(533, 533, 2019, 15737),
(534, 534, 2019, 16884),
(535, 535, 2019, 14616),
(536, 536, 2019, 6357),
(537, 537, 2019, 18400),
(538, 538, 2019, 10746),
(539, 539, 2019, 16002),
(540, 540, 2019, 19371),
(541, 541, 2019, 9015),
(542, 542, 2019, 17479),
(543, 543, 2019, 8402),
(544, 544, 2019, 6454),
(545, 545, 2019, 18424),
(546, 546, 2019, 14903),
(547, 547, 2019, 5338),
(548, 548, 2019, 17261),
(549, 549, 2019, 14065),
(550, 550, 2019, 11956),
(551, 551, 2019, 16578),
(552, 552, 2019, 6066),
(553, 553, 2019, 19553),
(554, 554, 2019, 6548),
(555, 555, 2019, 10322),
(556, 556, 2019, 17860),
(557, 557, 2019, 14790),
(558, 558, 2019, 4047),
(559, 559, 2019, 4519),
(560, 560, 2019, 12036),
(561, 561, 2019, 10406),
(562, 562, 2019, 12826),
(563, 563, 2019, 3867),
(564, 564, 2019, 15150),
(565, 565, 2019, 13605),
(566, 566, 2019, 18801),
(567, 567, 2019, 7648),
(568, 568, 2019, 7923),
(569, 569, 2019, 13531),
(570, 570, 2019, 15328),
(571, 571, 2019, 16205),
(572, 572, 2019, 19584),
(573, 573, 2019, 14555),
(574, 574, 2019, 13540),
(575, 575, 2019, 16489),
(576, 576, 2019, 19203),
(577, 577, 2019, 12384),
(578, 578, 2019, 5754),
(579, 579, 2019, 9871),
(580, 580, 2019, 6393),
(581, 581, 2019, 17593),
(582, 582, 2019, 9406),
(583, 583, 2019, 8421),
(584, 584, 2019, 15439),
(585, 585, 2019, 19429),
(586, 586, 2019, 5394),
(587, 587, 2019, 3465),
(588, 588, 2019, 16954),
(589, 589, 2019, 17467),
(590, 590, 2019, 18104),
(591, 591, 2019, 14165),
(592, 592, 2019, 19812),
(593, 593, 2019, 5453),
(594, 594, 2019, 14971),
(595, 595, 2019, 13565),
(596, 596, 2019, 3399),
(597, 597, 2019, 4161),
(598, 598, 2019, 13042),
(599, 599, 2019, 6736),
(600, 600, 2019, 7917),
(601, 601, 2019, 14821),
(602, 602, 2019, 19753),
(603, 603, 2019, 12194),
(604, 604, 2019, 12329),
(605, 605, 2019, 19005),
(606, 606, 2019, 3534),
(607, 607, 2019, 4603),
(608, 608, 2019, 7412),
(609, 609, 2019, 14914),
(610, 610, 2019, 10615),
(611, 611, 2019, 8836),
(612, 612, 2019, 7454),
(613, 613, 2019, 9239),
(614, 614, 2019, 7278),
(615, 615, 2019, 19117),
(616, 616, 2019, 9753),
(617, 617, 2019, 4622),
(618, 618, 2019, 8437),
(619, 619, 2019, 14701),
(620, 620, 2019, 5604),
(621, 621, 2019, 9453),
(622, 622, 2019, 10600),
(623, 623, 2019, 19928),
(624, 624, 2019, 19729),
(625, 625, 2019, 10355),
(626, 626, 2019, 4338),
(627, 627, 2019, 8361),
(628, 628, 2019, 18942),
(629, 629, 2019, 12010),
(630, 630, 2019, 9036),
(631, 631, 2019, 3925),
(632, 632, 2019, 7840),
(633, 633, 2019, 9735),
(634, 634, 2019, 11466),
(635, 635, 2019, 14731),
(636, 636, 2019, 13558),
(637, 637, 2019, 13556),
(638, 638, 2019, 15839),
(639, 639, 2019, 17541),
(640, 640, 2019, 12734),
(641, 641, 2019, 10221),
(642, 642, 2019, 8150),
(643, 643, 2019, 13485),
(644, 644, 2019, 12858),
(645, 645, 2019, 3275),
(646, 646, 2019, 18906),
(647, 647, 2019, 8905),
(648, 648, 2019, 9901),
(649, 649, 2019, 10667),
(650, 650, 2019, 10413),
(651, 651, 2019, 4827),
(652, 652, 2019, 19926),
(653, 653, 2019, 8473),
(654, 654, 2019, 9097),
(655, 655, 2019, 12494),
(656, 656, 2019, 19678),
(657, 657, 2019, 6607),
(658, 658, 2019, 6864),
(659, 659, 2019, 10144),
(660, 660, 2019, 14551),
(661, 661, 2019, 19616),
(662, 662, 2019, 6748),
(663, 663, 2019, 5573),
(664, 664, 2019, 10805),
(665, 665, 2019, 12575),
(666, 666, 2019, 19081),
(667, 667, 2019, 3483),
(668, 668, 2019, 11536),
(669, 669, 2019, 7821),
(670, 670, 2019, 4504),
(671, 671, 2019, 12223),
(672, 672, 2019, 17544),
(673, 673, 2019, 5119),
(674, 674, 2019, 17620),
(675, 675, 2019, 7352),
(676, 676, 2019, 10760),
(677, 677, 2019, 8312),
(678, 678, 2019, 17603),
(679, 679, 2019, 7155),
(680, 680, 2019, 19656),
(681, 681, 2019, 15581),
(682, 682, 2019, 13772),
(683, 683, 2019, 12004),
(684, 684, 2019, 4206),
(685, 685, 2019, 16199),
(686, 686, 2019, 11156),
(687, 687, 2019, 14100),
(688, 688, 2019, 8592),
(689, 689, 2019, 14022),
(690, 690, 2019, 15047),
(691, 691, 2019, 9980),
(692, 692, 2019, 7099),
(693, 693, 2019, 14026),
(694, 694, 2019, 17647),
(695, 695, 2019, 17141),
(696, 696, 2019, 8348),
(697, 697, 2019, 19089),
(698, 698, 2019, 15485),
(699, 699, 2019, 3331),
(700, 700, 2019, 19937),
(701, 701, 2019, 14345),
(702, 702, 2019, 5691),
(703, 703, 2019, 8088),
(704, 704, 2019, 17179),
(705, 705, 2019, 8030),
(706, 706, 2019, 10799),
(707, 707, 2019, 5630),
(708, 708, 2019, 16674);

-- --------------------------------------------------------

--
-- Cấu trúc bảng cho bảng `province`
--

CREATE TABLE `province` (
  `id` int(11) NOT NULL,
  `name` varchar(30) COLLATE utf8_unicode_ci NOT NULL
) ENGINE=InnoDB DEFAULT CHARSET=utf8 COLLATE=utf8_unicode_ci;

--
-- Đang đổ dữ liệu cho bảng `province`
--

INSERT INTO `province` (`id`, `name`) VALUES
(1, 'Kon Tum'),
(2, 'Gia Lai'),
(3, 'Đắk Lắk'),
(4, 'Đắk Nông'),
(5, 'Lâm Đồng');

--
-- Chỉ mục cho các bảng đã đổ
--

--
-- Chỉ mục cho bảng `commune`
--
ALTER TABLE `commune`
  ADD PRIMARY KEY (`id`),
  ADD KEY `COMMUNE_DISTRICT_FK` (`district_id`);

--
-- Chỉ mục cho bảng `district`
--
ALTER TABLE `district`
  ADD PRIMARY KEY (`id`),
  ADD KEY `DISTRICT_PROVINCE_FK` (`province_id`);

--
-- Chỉ mục cho bảng `point`
--
ALTER TABLE `point`
  ADD PRIMARY KEY (`id`),
  ADD KEY `POINT_COMMUNE_FK` (`polygon_id`);

--
-- Chỉ mục cho bảng `polygon`
--
ALTER TABLE `polygon`
  ADD PRIMARY KEY (`id`),
  ADD KEY `POLYGON_COMMUNE_FK` (`commune_id`);

--
-- Chỉ mục cho bảng `population`
--
ALTER TABLE `population`
  ADD PRIMARY KEY (`id`),
  ADD KEY `POPULATION_COMMUNE_FK` (`commune_id`);

--
-- Chỉ mục cho bảng `province`
--
ALTER TABLE `province`
  ADD PRIMARY KEY (`id`);

--
-- AUTO_INCREMENT cho các bảng đã đổ
--

--
-- AUTO_INCREMENT cho bảng `commune`
--
ALTER TABLE `commune`
  MODIFY `id` int(11) NOT NULL AUTO_INCREMENT, AUTO_INCREMENT=709;

--
-- AUTO_INCREMENT cho bảng `district`
--
ALTER TABLE `district`
  MODIFY `id` int(11) NOT NULL AUTO_INCREMENT, AUTO_INCREMENT=62;

--
-- AUTO_INCREMENT cho bảng `point`
--
ALTER TABLE `point`
  MODIFY `id` int(11) NOT NULL AUTO_INCREMENT, AUTO_INCREMENT=1228;

--
-- AUTO_INCREMENT cho bảng `polygon`
--
ALTER TABLE `polygon`
  MODIFY `id` int(11) NOT NULL AUTO_INCREMENT, AUTO_INCREMENT=11;

--
-- AUTO_INCREMENT cho bảng `population`
--
ALTER TABLE `population`
  MODIFY `id` int(11) NOT NULL AUTO_INCREMENT, AUTO_INCREMENT=710;

--
-- AUTO_INCREMENT cho bảng `province`
--
ALTER TABLE `province`
  MODIFY `id` int(11) NOT NULL AUTO_INCREMENT, AUTO_INCREMENT=11;

--
-- Các ràng buộc cho các bảng đã đổ
--

--
-- Các ràng buộc cho bảng `commune`
--
ALTER TABLE `commune`
  ADD CONSTRAINT `COMMUNE_DISTRICT_FK` FOREIGN KEY (`district_id`) REFERENCES `district` (`id`);

--
-- Các ràng buộc cho bảng `district`
--
ALTER TABLE `district`
  ADD CONSTRAINT `DISTRICT_PROVINCE_FK` FOREIGN KEY (`province_id`) REFERENCES `province` (`id`);

--
-- Các ràng buộc cho bảng `point`
--
ALTER TABLE `point`
  ADD CONSTRAINT `POINT_COMMUNE_FK` FOREIGN KEY (`polygon_id`) REFERENCES `polygon` (`id`);

--
-- Các ràng buộc cho bảng `polygon`
--
ALTER TABLE `polygon`
  ADD CONSTRAINT `POLYGON_COMMUNE_FK` FOREIGN KEY (`commune_id`) REFERENCES `commune` (`id`);

--
-- Các ràng buộc cho bảng `population`
--
ALTER TABLE `population`
  ADD CONSTRAINT `POPULATION_COMMUNE_FK` FOREIGN KEY (`commune_id`) REFERENCES `commune` (`id`);
COMMIT;

/*!40101 SET CHARACTER_SET_CLIENT=@OLD_CHARACTER_SET_CLIENT */;
/*!40101 SET CHARACTER_SET_RESULTS=@OLD_CHARACTER_SET_RESULTS */;
/*!40101 SET COLLATION_CONNECTION=@OLD_COLLATION_CONNECTION */;
